url,title,slug
https://www.tradingview.com/script/1Y6Sh7dJ-9-45am-NIFTY-TRADING/,9:45am NIFTY TRADING,1Y6Sh7dJ-9-45am-NIFTY-TRADING
https://www.tradingview.com/script/T1C1eda5-Sadi-s-Pocket-Pivot-Buy-Signal-PP-B/,Sadi's Pocket Pivot Buy Signal (PP-B),T1C1eda5-Sadi-s-Pocket-Pivot-Buy-Signal-PP-B
https://www.tradingview.com/script/L1xqmqj5-Morning-Break-Out/,Morning Break Out,L1xqmqj5-Morning-Break-Out
https://www.tradingview.com/script/N9wqTDdI-Breakout-Range-Signal-with-Quality-Analysis-Dova-Lazarus/,Breakout Range Signal with Quality Analysis [Dova Lazarus],N9wqTDdI-Breakout-Range-Signal-with-Quality-Analysis-Dova-Lazarus
https://www.tradingview.com/script/ucFmUGy9-250-Day-Breakout-Profit-with-Ratcheting-ATR-Stop/,250-Day Breakout Profit % (with Ratcheting ATR Stop),ucFmUGy9-250-Day-Breakout-Profit-with-Ratcheting-ATR-Stop
https://www.tradingview.com/script/ny9XaES8-ORB-Scalping/,ORB Scalping,ny9XaES8-ORB-Scalping
https://www.tradingview.com/script/DM4wFCu4-Volume-Visualizer-Kerry/,Volume Visualizer Kerry,DM4wFCu4-Volume-Visualizer-Kerry
https://www.tradingview.com/script/ANWxAWqY-4H-Bollinger-Breakout-Strategy/,4H Bollinger Breakout Strategy,ANWxAWqY-4H-Bollinger-Breakout-Strategy
https://www.tradingview.com/script/A7Bp3QCu-PDH-PDL-First-Hour-High-Low/,PDH/PDL + First Hour High/Low,A7Bp3QCu-PDH-PDL-First-Hour-High-Low
https://www.tradingview.com/script/HCeOiFB0/,Pivot and Wick Boxes with Break Signals,HCeOiFB0
https://www.tradingview.com/script/07OSgjCw/,Breakout + Volume Filter,07OSgjCw
https://www.tradingview.com/script/Hvk5WzPi-Smart-Money-Breakout-Channels-AlgoAlpha/,Smart Money Breakout Channels [AlgoAlpha],Hvk5WzPi-Smart-Money-Breakout-Channels-AlgoAlpha
https://www.tradingview.com/script/3Lwd6drd-6FG-Plan-Checklist-Alerts-Final-Version/,6FG Plan Checklist & Alerts - Final Version,3Lwd6drd-6FG-Plan-Checklist-Alerts-Final-Version
https://www.tradingview.com/script/UBYlARur/,15Min Volume x3 Spike,UBYlARur
https://www.tradingview.com/script/hDQhPOAm-Cassures-Tokyo-pendant-New-York/,Cassures Tokyo pendant New York,hDQhPOAm-Cassures-Tokyo-pendant-New-York
https://www.tradingview.com/script/sLOt6qSi-BTC-Breakout-Bot-TP-SL-Alerts/,BTC Breakout Bot (TP/SL + Alerts) 🚀,sLOt6qSi-BTC-Breakout-Bot-TP-SL-Alerts
https://www.tradingview.com/script/NyOmMMjZ-GLOBEX-BOX-v1-0/,GLOBEX BOX v1.0,NyOmMMjZ-GLOBEX-BOX-v1-0
https://www.tradingview.com/script/rFo7hD3H-Pre-Market-High-and-Low/,Pre-Market High and Low,rFo7hD3H-Pre-Market-High-and-Low
https://www.tradingview.com/script/Yq2a3wxh-Pre-Market-High-and-Low/,Pre-Market High and Low,Yq2a3wxh-Pre-Market-High-and-Low
https://www.tradingview.com/script/ZjaPtLo8-Refined-MA-Engulfing-M5-Confirmed-Structure-Break/,Refined MA + Engulfing (M5 + Confirmed Structure Break),ZjaPtLo8-Refined-MA-Engulfing-M5-Confirmed-Structure-Break
https://www.tradingview.com/script/7H1DGxKV-ORB-Range-Indicator-with-Fibonacci-Targets/,ORB Range Indicator with Fibonacci Targets,7H1DGxKV-ORB-Range-Indicator-with-Fibonacci-Targets
https://www.tradingview.com/script/qFaIFF0o-VWAP-Combo-Bands-MACD-Volume-Alerts/,VWAP Combo: Bands + MACD + Volume + Alerts,qFaIFF0o-VWAP-Combo-Bands-MACD-Volume-Alerts
https://www.tradingview.com/script/40sDcbdD-US-Index-First-30m-Candle-Strategy-10m-Chart/,US Index First 30m Candle Strategy (10m Chart),40sDcbdD-US-Index-First-30m-Candle-Strategy-10m-Chart
https://www.tradingview.com/script/m8Vxw0hQ-HSI1-First-30m-Candle-Strategy-15m-Chart/,HSI1! First 30m Candle Strategy (15m Chart),m8Vxw0hQ-HSI1-First-30m-Candle-Strategy-15m-Chart
https://www.tradingview.com/script/xgM0p62Q-HSI-First-30m-Candle-Strategy-5m-Chart/,HSI First 30m Candle Strategy (5m Chart),xgM0p62Q-HSI-First-30m-Candle-Strategy-5m-Chart
https://www.tradingview.com/script/pZaQOIfq-Volume-Labels-BABYBOT/,Volume Labels BABYBOT,pZaQOIfq-Volume-Labels-BABYBOT
https://www.tradingview.com/script/nPImJMms-3-Bar-Reversal-and-Engulfing/,3-Bar Reversal and Engulfing,nPImJMms-3-Bar-Reversal-and-Engulfing
https://www.tradingview.com/script/yHzXOTag-Dual-ORB-5-15-Min-Retest-Signals/,Dual ORB (5 & 15 Min) Retest Signals,yHzXOTag-Dual-ORB-5-15-Min-Retest-Signals
https://www.tradingview.com/script/1hArvkju-Breakout-Detector-5-min/,Breakout Detector (5-min),1hArvkju-Breakout-Detector-5-min
https://www.tradingview.com/script/GM1vPoLw-Altcoin-Breakout-Detector/,Altcoin Breakout Detector,GM1vPoLw-Altcoin-Breakout-Detector
https://www.tradingview.com/script/gvIhnoFj-Teyo69-T1-Wyckoff-Jump-Across-the-Creek-and-Ice/,[Teyo69] T1 Wyckoff Jump Across the Creek and Ice,gvIhnoFj-Teyo69-T1-Wyckoff-Jump-Across-the-Creek-and-Ice
https://www.tradingview.com/script/pjQflqSz-Confluence-AVWAP-Breakout-Ribbon/,Confluence AVWAP Breakout Ribbon,pjQflqSz-Confluence-AVWAP-Breakout-Ribbon
https://www.tradingview.com/script/nJy6N2XH-OBR-15min-Session-Opening-Range-Breakout-Volume-Trend-Delta/,OBR 15min Session Opening Range Breakout + Volume Trend Delta,nJy6N2XH-OBR-15min-Session-Opening-Range-Breakout-Volume-Trend-Delta
https://www.tradingview.com/script/Z194uCdr-IB-Breakout-Strategy-with-Fib-CVD-and-Divergence/,"IB Breakout Strategy with Fib, CVD, and Divergence",Z194uCdr-IB-Breakout-Strategy-with-Fib-CVD-and-Divergence
https://www.tradingview.com/script/GDKykhsh-10-20-MA-Coil-Progressive-Colors-Multi-Day-Breakout/,10/20 MA Coil: Progressive Colors & Multi-Day Breakout,GDKykhsh-10-20-MA-Coil-Progressive-Colors-Multi-Day-Breakout
https://www.tradingview.com/script/76YKFNo0-HTF-LTF-Boxes-v2-2/,HTF/LTF Boxes v2.2,76YKFNo0-HTF-LTF-Boxes-v2-2
https://www.tradingview.com/script/MmUTPVMR-smart-volatility-squeeze-trend-filter/,Smart Volatility Squeeze + Trend Filter,MmUTPVMR-smart-volatility-squeeze-trend-filter
https://www.tradingview.com/script/2VEumoJY-HTF-Candles/,HTF Candles,2VEumoJY-HTF-Candles
https://www.tradingview.com/script/Glmnxyoe/,Pinbar Detector,Glmnxyoe
https://www.tradingview.com/script/A6u1ceKg-Engulfing-Dashboard/,Engulfing Dashboard,A6u1ceKg-Engulfing-Dashboard
https://www.tradingview.com/script/QuLZMWfA-Candlestick-Patterns-Backtester-Optimized/,Candlestick Patterns Backtester [Optimized],QuLZMWfA-Candlestick-Patterns-Backtester-Optimized
https://www.tradingview.com/script/mCXguBg5-xGhozt-Pattern-Statistics/,xGhozt Pattern Statistics,mCXguBg5-xGhozt-Pattern-Statistics
https://www.tradingview.com/script/XOWhrsDV-8-AM-9-AM-NY-Candle-Highlighter/,8 AM & 9 AM NY Candle Highlighter,XOWhrsDV-8-AM-9-AM-NY-Candle-Highlighter
https://www.tradingview.com/script/Km19TI3v/,Advanced Correlation Monitor,Km19TI3v
https://www.tradingview.com/script/wyL9LQeO/,DXY ve US10Y Normalize Karşılaştırma (Zaman Aralığı Uyumu),wyL9LQeO
https://www.tradingview.com/script/4SxrhBmt-Orthogonal-Projections-to-Latent-Structures-O-PLS/,Orthogonal Projections to Latent Structures (O-PLS),4SxrhBmt-Orthogonal-Projections-to-Latent-Structures-O-PLS
https://www.tradingview.com/script/XFStl5Pg/,SMA Highlight + MACD Crossover Arrows,XFStl5Pg
https://www.tradingview.com/script/IEY9BAtY-FRX-FORTUNE-EMA-9-15-Crossover-Alert/,FRX_FORTUNE - EMA 9/15 Crossover Alert,IEY9BAtY-FRX-FORTUNE-EMA-9-15-Crossover-Alert
https://www.tradingview.com/script/BEPHbFbf/,SMA 9 vs SMA 20 Highlight Crossover,BEPHbFbf
https://www.tradingview.com/script/bru7wpGx-Combo-2-20-EMA-Bandpass-Filter-by-Tamarok/,Combo 2/20 EMA & Bandpass Filter by Tamarok,bru7wpGx-Combo-2-20-EMA-Bandpass-Filter-by-Tamarok
https://www.tradingview.com/script/wDa8rU9T-5min-EMA20-50-Crossover-EMA21-Pullback-Alerts/,5min EMA20/50 Crossover & EMA21 Pullback Alerts,wDa8rU9T-5min-EMA20-50-Crossover-EMA21-Pullback-Alerts
https://www.tradingview.com/script/nTnkPzfP-SMA-Crossover/,SMA Crossover,nTnkPzfP-SMA-Crossover
https://www.tradingview.com/script/6lTjiD4M-EMA-Buy-Sell/,EMA Buy/Sell,6lTjiD4M-EMA-Buy-Sell
https://www.tradingview.com/script/SLzxmgtR-MA-Crossover-with-100-Target-Label/,MA Crossover with +100 Target Label,SLzxmgtR-MA-Crossover-with-100-Target-Label
https://www.tradingview.com/script/vHOfwyd8-Custom-MA-Crossover-with-Labels/,Custom MA Crossover with Labels,vHOfwyd8-Custom-MA-Crossover-with-Labels
https://www.tradingview.com/script/vfoFVE98-SMA-Crossover-with-Background-Shading/,SMA Crossover with Background Shading,vfoFVE98-SMA-Crossover-with-Background-Shading
https://www.tradingview.com/script/8vjWAdLN-Opening-Range-Breakout/,Opening-Range Breakout,8vjWAdLN-Opening-Range-Breakout
https://www.tradingview.com/script/vdQUzY9i/,LANZ Strategy 6.0 [Backtest],vdQUzY9i
https://www.tradingview.com/script/7BD3fVwz/,LANZ Strategy 6.0,7BD3fVwz
https://www.tradingview.com/script/Mt1PC275/,AO Divergence Strategy,Mt1PC275
https://www.tradingview.com/script/UUwAqbCz-PSX-OBV-Divergence-Labels-1D/,PSX OBV Divergence Labels (1D),UUwAqbCz-PSX-OBV-Divergence-Labels-1D
https://www.tradingview.com/script/Exm2DnPz-PSX-OBV-Divergence-Labels-1D/,PSX OBV Divergence Labels (1D),Exm2DnPz-PSX-OBV-Divergence-Labels-1D
https://www.tradingview.com/script/MkGZ2Hjk-OBV-Oscillator-with-Divergence-Circles/,OBV Oscillator with Divergence Circles,MkGZ2Hjk-OBV-Oscillator-with-Divergence-Circles
https://www.tradingview.com/script/IffqtAA4-CVD-Divergence-Volume-HMA-RSI-MACD-Strategy/,CVD Divergence + Volume HMA RSI MACD Strategy,IffqtAA4-CVD-Divergence-Volume-HMA-RSI-MACD-Strategy
https://www.tradingview.com/script/01DBv9uI/,NACHO_MC/KAS_MC,01DBv9uI
https://www.tradingview.com/script/io4E6Lct/,NACHO_MC/KAS_MC,io4E6Lct
https://www.tradingview.com/script/hGWyBMkd-Date-Marker-GPT/,Date Marker GPT,hGWyBMkd-Date-Marker-GPT
https://www.tradingview.com/script/FICJNkUs-Custom-NY-Opening-Bell-Today-Only/,Custom NY Opening Bell - Today Only,FICJNkUs-Custom-NY-Opening-Bell-Today-Only
https://www.tradingview.com/script/ol6CoFVr-NFP-Ranges/,NFP Ranges,ol6CoFVr-NFP-Ranges
https://www.tradingview.com/script/qD7w6pLR-Earnings-theUltimator5/,Earnings [theUltimator5],qD7w6pLR-Earnings-theUltimator5
https://www.tradingview.com/script/CBrHU0p6-Inversed-RJ/,Inversed_RJ,CBrHU0p6-Inversed-RJ
https://www.tradingview.com/script/kp7YAjYI-BS-FVG-MES-3TICK/,BS FVG MES 3TICK,kp7YAjYI-BS-FVG-MES-3TICK
https://www.tradingview.com/script/72IiNfkD-Inversed-FVG/,Inversed_FVG,72IiNfkD-Inversed-FVG
https://www.tradingview.com/script/UP5t2AkL-Inversed-Fractals/,Inversed_Fractals,UP5t2AkL-Inversed-Fractals
https://www.tradingview.com/script/bhzyEvum-Quarterly-Earnings-with-NPM/,Quarterly Earnings with NPM,bhzyEvum-Quarterly-Earnings-with-NPM
https://www.tradingview.com/script/1sLukTUO-Quarterly-Earnings/,Quarterly Earnings,1sLukTUO-Quarterly-Earnings
https://www.tradingview.com/script/kdrpz2Ig-Fractals/,Fractals,kdrpz2Ig-Fractals
https://www.tradingview.com/script/JY7YiEqz-FVG/,FVG,JY7YiEqz-FVG
https://www.tradingview.com/script/rl1mcZVB-IFVG-Extended/,IFVG Extended,rl1mcZVB-IFVG-Extended
https://www.tradingview.com/script/H8EFXzy6-FVG-IFVG-Gap-ULTRA-by-Aditya-Neje/,FVG + IFVG Gap (ULTRA) by Aditya Neje,H8EFXzy6-FVG-IFVG-Gap-ULTRA-by-Aditya-Neje
https://www.tradingview.com/script/iRqGNvO2-ES-Gap-Trading-Levels/,ES Gap Trading Levels,iRqGNvO2-ES-Gap-Trading-Levels
https://www.tradingview.com/script/8DBI87Or-BornInvestor-Gap-Detector/,BornInvestor Gap Detector,8DBI87Or-BornInvestor-Gap-Detector
https://www.tradingview.com/script/VzYb1i5V-Premarket-High-Low-Label/,Premarket High/Low Label,VzYb1i5V-Premarket-High-Low-Label
https://www.tradingview.com/script/B3WZ9LQN-Premarket-High-Low-Label/,Premarket High/Low Label,B3WZ9LQN-Premarket-High-Low-Label
https://www.tradingview.com/script/ZNVlvHBB-Premarket-High-Low-Label-Single-Line/,Premarket High/Low Label (Single Line),ZNVlvHBB-Premarket-High-Low-Label-Single-Line
https://www.tradingview.com/script/l6RhA3AC-Rolling-CAGR-Custom-Years-PP/,Rolling CAGR (Custom Years) PP,l6RhA3AC-Rolling-CAGR-Custom-Years-PP
https://www.tradingview.com/script/G4VAnvPt-hudDisplay-v1/,hudDisplay_v1,G4VAnvPt-hudDisplay-v1
https://www.tradingview.com/script/6BCoizrH-Current-Price-Horizonal-Line/,Current Price Horizonal Line,6BCoizrH-Current-Price-Horizonal-Line
https://www.tradingview.com/script/EDwF8yet-Ultimate-Global-Trading-Hours/,Ultimate Global Trading Hours,EDwF8yet-Ultimate-Global-Trading-Hours
https://www.tradingview.com/script/QanK2qIs-Previous-Close-Label/,Previous Close Label,QanK2qIs-Previous-Close-Label
https://www.tradingview.com/script/r3K097YJ-EMA200-HUD-ATR-Live-Wick/,EMA200 HUD + ATR + Live Wick,r3K097YJ-EMA200-HUD-ATR-Live-Wick
https://www.tradingview.com/script/sBGPEzmc-ATR-HUD/,ATR HUD,sBGPEzmc-ATR-HUD
https://www.tradingview.com/script/d7CvWlvN-Qossai-Stock-Info/,Qossai Stock Info,d7CvWlvN-Qossai-Stock-Info
https://www.tradingview.com/script/uckAdWUI-JMR-vwap-inside-bar/,JMR vwap inside bar,uckAdWUI-JMR-vwap-inside-bar
https://www.tradingview.com/script/tT6TxTzg-JMR-vwap-inside-bar/,JMR vwap inside bar,tT6TxTzg-JMR-vwap-inside-bar
https://www.tradingview.com/script/qtrS8M9J-FVG-Order-Block-Sync-Pro-Enhanced/,FVG & Order Block Sync Pro - Enhanced,qtrS8M9J-FVG-Order-Block-Sync-Pro-Enhanced
https://www.tradingview.com/script/2RwUUjch-VIX-Filter-RSI-EMA-Bias-Cum-TICK-w-Exhaustion-Zone-Dashboard/,VIX Filter/RSI/EMA Bias/Cum-TICK w/ Exhaustion Zone Dashboard,2RwUUjch-VIX-Filter-RSI-EMA-Bias-Cum-TICK-w-Exhaustion-Zone-Dashboard
https://www.tradingview.com/script/2Bt3ns4g/,Crypto DanR 1.4.2 PC-Roye Edition,2Bt3ns4g
https://www.tradingview.com/script/h1EhiCGU/,Crypto DanR 1.4.2 PC-Roye Edition,h1EhiCGU
https://www.tradingview.com/script/lb7ExXCq-MB-Notes-ATR-EMA-5-10-20/,MB Notes + ATR + EMA 5/10/20,lb7ExXCq-MB-Notes-ATR-EMA-5-10-20
https://www.tradingview.com/script/bzZIooYd/,Kassa 30 70 90 Eröffnung,bzZIooYd
https://www.tradingview.com/script/kdWAFzwJ-Intraday-Bullish-Scanner-Profit-Ping/,Intraday Bullish Scanner - Profit Ping,kdWAFzwJ-Intraday-Bullish-Scanner-Profit-Ping
https://www.tradingview.com/script/zGknoqhp-VWAP-MultiCombined-Intraday/,VWAP MultiCombined Intraday,zGknoqhp-VWAP-MultiCombined-Intraday
https://www.tradingview.com/script/ldybvdO5-Intraday-Momentum-Strategy/,Intraday Momentum Strategy,ldybvdO5-Intraday-Momentum-Strategy
https://www.tradingview.com/script/gzPNjNyw-Clarix-Smart-Flip/,Clarix Smart Flip,gzPNjNyw-Clarix-Smart-Flip
https://www.tradingview.com/script/9CH4EBAq/,RSI + TSV Kombi,9CH4EBAq
https://www.tradingview.com/script/gqYCuRst-FVG-9-31-10-00-AM-ET/,FVG 9:31–10:00 AM ET,gqYCuRst-FVG-9-31-10-00-AM-ET
https://www.tradingview.com/script/B9WQwiU2/,Sessions with timeframe filter,B9WQwiU2
https://www.tradingview.com/script/6DRQJSEV-Session-HL-Candles-AMD-Nephew-Sam/,Session HL + Candles + AMD (Nephew_Sam_),6DRQJSEV-Session-HL-Candles-AMD-Nephew-Sam
https://www.tradingview.com/script/jNgKsDVA/,D15 Precision Indicator,jNgKsDVA
https://www.tradingview.com/script/LCpbCzjP-MJBFX-Strategy-Futures-Optimized/,MJBFX-Strategy (Futures Optimized),LCpbCzjP-MJBFX-Strategy-Futures-Optimized
https://www.tradingview.com/script/hzLsbjgl-KEY-MARKET-SESSION-EU-US-RANGE-LEVELS-KLT/,KEY MARKET SESSION EU/US RANGE LEVELS - KLT,hzLsbjgl-KEY-MARKET-SESSION-EU-US-RANGE-LEVELS-KLT
https://www.tradingview.com/script/vF8tWykI-KusKus-Starlight-Strategy/,KusKus Starlight Strategy,vF8tWykI-KusKus-Starlight-Strategy
https://www.tradingview.com/script/dy7tA9qJ-MarketCapLibrary12/,MarketCapLibrary12,dy7tA9qJ-MarketCapLibrary12
https://www.tradingview.com/script/7r9YUnSg-MarketCapLibrary11/,MarketCapLibrary11,7r9YUnSg-MarketCapLibrary11
https://www.tradingview.com/script/ZmvVdARQ-MarketCapLibrary2/,MarketCapLibrary2,ZmvVdARQ-MarketCapLibrary2
https://www.tradingview.com/script/ykNeqBav-MarketCapLibrary1/,MarketCapLibrary1,ykNeqBav-MarketCapLibrary1
https://www.tradingview.com/script/itrqFcIl/,Long and Short Strategy with Multi Indicators [B1P5],itrqFcIl
https://www.tradingview.com/script/GtW5DpZe-Bitcoin-Power-Law-Model/,Bitcoin Power Law Model,GtW5DpZe-Bitcoin-Power-Law-Model
https://www.tradingview.com/script/xpKagytb-Bitcoin-Stock-to-Flow-Model-Price-Bands/,Bitcoin Stock-to-Flow Model Price Bands,xpKagytb-Bitcoin-Stock-to-Flow-Model-Price-Bands
https://www.tradingview.com/script/Euc88oWD-US-Macro-Indicators-CPI-YoY-PPI-YoY-Interest-Rate/,"US Macro Indicators (CPI YoY, PPI YoY, Interest Rate)",Euc88oWD-US-Macro-Indicators-CPI-YoY-PPI-YoY-Interest-Rate
https://www.tradingview.com/script/vhkgKqxt-Session-Prep-RTH-only-UTC-4/,"Session Prep (RTH only, UTC-4)",vhkgKqxt-Session-Prep-RTH-only-UTC-4
https://www.tradingview.com/script/ifftsikd-Session-Prep-RTH-only-UTC-4/,"Session Prep (RTH only, UTC-4)",ifftsikd-Session-Prep-RTH-only-UTC-4
https://www.tradingview.com/script/rro1x8YJ-Beta-calculator/,Beta calculator,rro1x8YJ-Beta-calculator
https://www.tradingview.com/script/O4fD93FR-Top-Crypto-Above-28-Day-Average/,Top Crypto Above 28-Day Average,O4fD93FR-Top-Crypto-Above-28-Day-Average
https://www.tradingview.com/script/AeCtJFph-Clarix-Market-Dashboard/,Clarix Market Dashboard,AeCtJFph-Clarix-Market-Dashboard
https://www.tradingview.com/script/7x8nuinL/,HMM-Style Market Regime,7x8nuinL
https://www.tradingview.com/script/CdzOFzzk-Givemepeace-EMA-Market-Structure/,Givemepeace EMA + Market Structure,CdzOFzzk-Givemepeace-EMA-Market-Structure
https://www.tradingview.com/script/J4suAVs5-Enhanced-Market-Structure-Strategy/,Enhanced Market Structure Strategy,J4suAVs5-Enhanced-Market-Structure-Strategy
https://www.tradingview.com/script/bCbf91Br/,Larry Williams's Market Structure,bCbf91Br
https://www.tradingview.com/script/kmven21O-SMC-Structure-Levels-BOS-CHoCH-for-XAUUSD/,SMC Structure Levels – BOS & CHoCH for XAUUSD,kmven21O-SMC-Structure-Levels-BOS-CHoCH-for-XAUUSD
https://www.tradingview.com/script/3oq1vZOR-Order-Flow-Market-Structure/,Order-Flow Market Structure,3oq1vZOR-Order-Flow-Market-Structure
https://www.tradingview.com/script/rkFJaPiY-Period-Separator-with-Dates-Price/,Period Separator with Dates & Price,rkFJaPiY-Period-Separator-with-Dates-Price
https://www.tradingview.com/script/qluY6Ekh-Ultimate-Market-Structure-Alpha-Extract/,Ultimate Market Structure [Alpha Extract],qluY6Ekh-Ultimate-Market-Structure-Alpha-Extract
https://www.tradingview.com/script/pvrBlLz3-Vertical-Time-Marker-Configurable-VTMC/,Vertical Time Marker Configurable (VTMC),pvrBlLz3-Vertical-Time-Marker-Configurable-VTMC
https://www.tradingview.com/script/ru4AKsVU-NY-LDN-TOK-Stock-Exchange-Opening-Hours/,NY/LDN/TOK Stock Exchange Opening Hours,ru4AKsVU-NY-LDN-TOK-Stock-Exchange-Opening-Hours
https://www.tradingview.com/script/cj715LgY-Time-Cycles/,Time Cycles,cj715LgY-Time-Cycles
https://www.tradingview.com/script/2Q8iO1OT-MJBFX-VWAP-WITH-SIGNALS/,MJBFX VWAP WITH SIGNALS,2Q8iO1OT-MJBFX-VWAP-WITH-SIGNALS
https://www.tradingview.com/script/kGSi6ONc-Volume-Delta-RSI-Confluence-Signals/,Volume Delta + RSI Confluence Signals,kGSi6ONc-Volume-Delta-RSI-Confluence-Signals
https://www.tradingview.com/script/u7yQBp8o/,逆勢布林+RSI策略 for SOL,u7yQBp8o
https://www.tradingview.com/script/Fhd4RpAK-Simple-H-Buy-Sell-Signals/,Simple H% Buy/Sell Signals,Fhd4RpAK-Simple-H-Buy-Sell-Signals
https://www.tradingview.com/script/fkcimtDk-EUR-USD-Multi-Layer-Statistical-Regression-Strategy/,EUR/USD Multi-Layer Statistical Regression Strategy,fkcimtDk-EUR-USD-Multi-Layer-Statistical-Regression-Strategy
https://www.tradingview.com/script/UiCBtluI-RSI-SMA-7-Signal-Strategy-No-50-Level/,RSI SMA 7 Signal Strategy (No 50 Level),UiCBtluI-RSI-SMA-7-Signal-Strategy-No-50-Level
https://www.tradingview.com/script/FeOt3uEu-Valuation-Tool-Williams-R-by-QDEED/,Valuation Tool + Williams %R by QDEED,FeOt3uEu-Valuation-Tool-Williams-R-by-QDEED
https://www.tradingview.com/script/LNBaioYl-BUY-in-HASH-Ribbons/,BUY in HASH Ribbons,LNBaioYl-BUY-in-HASH-Ribbons
https://www.tradingview.com/script/2ZXDCn56/,HMM Adaptive BB & Regime Signals,2ZXDCn56
https://www.tradingview.com/script/KnJy50Bd-EMA-Grid-Martingale-Strategy-Long-Only-with-Cooldown/,EMA Grid + Martingale Strategy (Long-Only) with Cooldown,KnJy50Bd-EMA-Grid-Martingale-Strategy-Long-Only-with-Cooldown
https://www.tradingview.com/script/UYzZ8PAz-BTC-Futures-Top-Trading-Indicators/,BTC Futures Top Trading Indicators,UYzZ8PAz-BTC-Futures-Top-Trading-Indicators
https://www.tradingview.com/script/7eiaRWzJ-15-Min-Chart-7-Day-High-Low-Signal/,"15-Min Chart, 7-Day High-Low Signal",7eiaRWzJ-15-Min-Chart-7-Day-High-Low-Signal
https://www.tradingview.com/script/1KrnE012-lbb-rsi-fx-edition/,LBB + RSI FX Edition,1KrnE012-lbb-rsi-fx-edition
https://www.tradingview.com/script/vLZZMmjs/,Golden Ratio Bands (350DMA Multiplier),vLZZMmjs
https://www.tradingview.com/script/HY0ORHL1-RSI-Zones-Directional-Entry-Strict/,RSI Zones - Directional Entry Strict,HY0ORHL1-RSI-Zones-Directional-Entry-Strict
https://www.tradingview.com/script/M7opHh7K-Weekly-Change-Screener-5-Sell-Threshold/,Weekly % Change Screener (5% Sell Threshold),M7opHh7K-Weekly-Change-Screener-5-Sell-Threshold
https://www.tradingview.com/script/G4o5Gw31-Super-Elliptic-Bands/,Super-Elliptic Bands,G4o5Gw31-Super-Elliptic-Bands
https://www.tradingview.com/script/6Um6IODe-ce-xau-usdt-strategy/,CE XAU/USDT Strategy,6Um6IODe-ce-xau-usdt-strategy
https://www.tradingview.com/script/zRj84Il4-smart-impulse-exhaustion-finder-atr-adx-filter/,Smart Impulse Exhaustion Finder (ATR + ADX Filter),zRj84Il4-smart-impulse-exhaustion-finder-atr-adx-filter
https://www.tradingview.com/script/Rh22T8sl/,BB + RSI Strategy Optimized,Rh22T8sl
https://www.tradingview.com/script/oOfBazmU-Nifty-Buy-Sell-Signals-with-RSI-Fisher/,Nifty Buy/Sell Signals with RSI & Fisher,oOfBazmU-Nifty-Buy-Sell-Signals-with-RSI-Fisher
https://www.tradingview.com/script/5VupZDbT/,RSI+BOLLINGER (LONG & SHORT),5VupZDbT
https://www.tradingview.com/script/8jD83sRP-Money-Printer-1-0/,Money Printer 1.0,8jD83sRP-Money-Printer-1-0
https://www.tradingview.com/script/Sg0lXuzh-Refined-MA-Engulfing-Strategy-Equivalent-Trigger/,Refined MA + Engulfing (Strategy-Equivalent Trigger),Sg0lXuzh-Refined-MA-Engulfing-Strategy-Equivalent-Trigger
https://www.tradingview.com/script/aCyEZ41y-Pivot-Squeeze-Strategy/,Pivot Squeeze Strategy,aCyEZ41y-Pivot-Squeeze-Strategy
https://www.tradingview.com/script/1k7HqCpx-Stochastic-Z-Score-AlgoAlpha/,Stochastic Z-Score [AlgoAlpha],1k7HqCpx-Stochastic-Z-Score-AlgoAlpha
https://www.tradingview.com/script/CCHlLcGc-BB-with-Heikin-Ashi-Reversal-Check/,BB with Heikin Ashi + Reversal Check,CCHlLcGc-BB-with-Heikin-Ashi-Reversal-Check
https://www.tradingview.com/script/NsrG3jwl-Camarilla-MCF/,Camarilla [ MCF ],NsrG3jwl-Camarilla-MCF
https://www.tradingview.com/script/Q2xPgMal-WLD-Estrategia-Compra-Venta-Multi-Indicadores/,WLD Estrategia Compra/Venta Multi Indicadores,Q2xPgMal-WLD-Estrategia-Compra-Venta-Multi-Indicadores
https://www.tradingview.com/script/qj5AR7BB-Makki-MultiEdge-Analyzer-2000/,Makki MultiEdge Analyzer 2000,qj5AR7BB-Makki-MultiEdge-Analyzer-2000
https://www.tradingview.com/script/sC84zsaq-MNQ-1H-Liquidity-MTF-Bot/,MNQ 1H Liquidity + MTF Bot,sC84zsaq-MNQ-1H-Liquidity-MTF-Bot
https://www.tradingview.com/script/M1ExKHrK-Trap-Detector-Signals-Tweaked-Version/,Trap Detector Signals [Tweaked Version],M1ExKHrK-Trap-Detector-Signals-Tweaked-Version
https://www.tradingview.com/script/jCwWugDz-10kaDum-by-NAV/,10kaDum by NAV,jCwWugDz-10kaDum-by-NAV
https://www.tradingview.com/script/mSJEzF3l/,20-Day SMA BIAS%,mSJEzF3l
https://www.tradingview.com/script/pzdP7DCg-Multi-Indicator-Buy-Sell-Signals-EMA-RSI-MACD/,"Multi-Indicator Buy/Sell Signals (EMA, RSI, MACD)",pzdP7DCg-Multi-Indicator-Buy-Sell-Signals-EMA-RSI-MACD
https://www.tradingview.com/script/oI3Nzytz-2-Averaging-Buy-Sell-Strategy/,2% Averaging Buy-Sell Strategy,oI3Nzytz-2-Averaging-Buy-Sell-Strategy
https://www.tradingview.com/script/HxMNl0mE-AVWAP-4H/,AVWAP 4H,HxMNl0mE-AVWAP-4H
https://www.tradingview.com/script/Tl4qmvt6-RSI-Overbought-Oversold-MTF/,RSI Overbought/Oversold MTF,Tl4qmvt6-RSI-Overbought-Oversold-MTF
https://www.tradingview.com/script/kP7HmAzw-NQ-Phantom-Scalper-Pro/,NQ Phantom Scalper Pro,kP7HmAzw-NQ-Phantom-Scalper-Pro
https://www.tradingview.com/script/EalpofVs-MACD-Signal-with-Williams-R-Coloring/,MACD Signal with Williams %R Coloring,EalpofVs-MACD-Signal-with-Williams-R-Coloring
https://www.tradingview.com/script/9zNE4vPM-Stochastic-Momentum-Index-MiddleBandAdded/,Stochastic Momentum Index_MiddleBandAdded,9zNE4vPM-Stochastic-Momentum-Index-MiddleBandAdded
https://www.tradingview.com/script/LwBNKRTP-Multi-Timeframe-Momentum-Sync/,Multi-Timeframe Momentum Sync,LwBNKRTP-Multi-Timeframe-Momentum-Sync
https://www.tradingview.com/script/iNpKsdYt/,SCTI-MACD,iNpKsdYt
https://www.tradingview.com/script/JRqtd0Zr-AO-AC-Zones-Log-Price/,AO/AC Zones (Log Price),JRqtd0Zr-AO-AC-Zones-Log-Price
https://www.tradingview.com/script/NVjKbOIS/,JHW Volume Based Buy and Sell Momentum,NVjKbOIS
https://www.tradingview.com/script/1eUa4Fba-Momentum-Strategy-2/,Momentum Strategy 2,1eUa4Fba-Momentum-Strategy-2
https://www.tradingview.com/script/uKe6d0FB-William-s-Accelerator-Oscillator-AC-Log-Scaled/,William's Accelerator Oscillator (AC) - Log-Scaled,uKe6d0FB-William-s-Accelerator-Oscillator-AC-Log-Scaled
https://www.tradingview.com/script/EOcNSdhw-4H-Squeeze-with-MACD-Crossover/,4H Squeeze with MACD Crossover,EOcNSdhw-4H-Squeeze-with-MACD-Crossover
https://www.tradingview.com/script/WdfkG4Oo-Institutional-Footprint-RSI/,Institutional Footprint + RSI,WdfkG4Oo-Institutional-Footprint-RSI
https://www.tradingview.com/script/9Hpt5zFz-EMA-8-21-50-VWAP-Crossover-Alert-Indicator/,EMA 8/21/50 + VWAP Crossover Alert Indicator,9Hpt5zFz-EMA-8-21-50-VWAP-Crossover-Alert-Indicator
https://www.tradingview.com/script/sJSiTBgy-Momentum-8-4-9M/,Momentum 8% 4% 9M,sJSiTBgy-Momentum-8-4-9M
https://www.tradingview.com/script/h5Y8qmSL-Kyber-Cell-s-TTM-Wave-A/,Kyber Cell's – TTM Wave A,h5Y8qmSL-Kyber-Cell-s-TTM-Wave-A
https://www.tradingview.com/script/gA6RREK1-Vortex-Indicator-with-Histogram/,Vortex Indicator with Histogram,gA6RREK1-Vortex-Indicator-with-Histogram
https://www.tradingview.com/script/1DCmJoMm-Momentum-and-Momentum-Change/,Momentum and Momentum Change,1DCmJoMm-Momentum-and-Momentum-Change
https://www.tradingview.com/script/bhntFFvK-Triple-CCI-Multi-Timeframe/,Triple CCI Multi-Timeframe,bhntFFvK-Triple-CCI-Multi-Timeframe
https://www.tradingview.com/script/db1NUAXG-9-15-AM-Bullish-Setup/,9:15 AM Bullish Setup,db1NUAXG-9-15-AM-Bullish-Setup
https://www.tradingview.com/script/PFOd5RdF-Momentum-Candle-Projection/,Momentum Candle Projection,PFOd5RdF-Momentum-Candle-Projection
https://www.tradingview.com/script/MaqVsiPQ-Force-Acheteurs-vs-Vendeurs/,Force Acheteurs vs Vendeurs,MaqVsiPQ-Force-Acheteurs-vs-Vendeurs
https://www.tradingview.com/script/QnlYk513-Double-Banded-Momentum-Cloud/,Double Banded Momentum Cloud,QnlYk513-Double-Banded-Momentum-Cloud
https://www.tradingview.com/script/vVzWdvhw-Envelope-Momentum-Cloud/,Envelope Momentum Cloud,vVzWdvhw-Envelope-Momentum-Cloud
https://www.tradingview.com/script/OqpksKxK-EMA20-Volume-RSI-35-70-MACD-Confirmations/,EMA20 + Volume + RSI 35–70 + MACD Confirmations,OqpksKxK-EMA20-Volume-RSI-35-70-MACD-Confirmations
https://www.tradingview.com/script/xssx3xEQ-RSI-CCI-ADX-Panel-Custom-TF-for-Each/,"RSI, CCI, ADX Panel (Custom TF for Each)",xssx3xEQ-RSI-CCI-ADX-Panel-Custom-TF-for-Each
https://www.tradingview.com/script/8aczDeFM-RSI-with-Two-Benchmarks/,RSI with Two Benchmarks,8aczDeFM-RSI-with-Two-Benchmarks
https://www.tradingview.com/script/deWDEusv-TheDevashishratio-Momentum/,TheDevashishratio-Momentum,deWDEusv-TheDevashishratio-Momentum
https://www.tradingview.com/script/IFsTNXCu-Dex-Stoch-RSI-WaveTrend-Dots-Enhanced/,Dex Stoch RSI + WaveTrend Dots [Enhanced],IFsTNXCu-Dex-Stoch-RSI-WaveTrend-Dots-Enhanced
https://www.tradingview.com/script/uY9EBtHq-RSI-1H-afi%C8%99at-pe-3M/,RSI 1H afișat pe 3M,uY9EBtHq-RSI-1H-afi%C8%99at-pe-3M
https://www.tradingview.com/script/xUqusRXj-Apex-Edge-RSI-Trend-Lines/,Apex Edge - RSI Trend Lines,xUqusRXj-Apex-Edge-RSI-Trend-Lines
https://www.tradingview.com/script/K5sFTL31-EMA-Curl-Strength/,EMA Curl Strength+,K5sFTL31-EMA-Curl-Strength
https://www.tradingview.com/script/LqD16txq-RSI-with-2-Pole-Filter/,RSI with 2-Pole Filter,LqD16txq-RSI-with-2-Pole-Filter
https://www.tradingview.com/script/ZNEPyhWv-TrendShift-MOT/,TrendShift [MOT],ZNEPyhWv-TrendShift-MOT
https://www.tradingview.com/script/I5bBzKN8/,Multi Rate of Change (ROC) - 3 Lines,I5bBzKN8
https://www.tradingview.com/script/CzEmSh0W-Gabriel-s-KusKus-Starlight/,Gabriel's KusKus Starlight,CzEmSh0W-Gabriel-s-KusKus-Starlight
https://www.tradingview.com/script/swouPvmC-MNQ-3m-Momentum-Breakout/,MNQ 3m Momentum Breakout,swouPvmC-MNQ-3m-Momentum-Breakout
https://www.tradingview.com/script/8wXrFmYZ-Momentum-Reversal-Strategy/,Momentum Reversal Strategy,8wXrFmYZ-Momentum-Reversal-Strategy
https://www.tradingview.com/script/LAnRbM8E-Aroon-Velocity-RMS-Volume-Strategy/,"Aroon, Velocity & RMS Volume Strategy",LAnRbM8E-Aroon-Velocity-RMS-Volume-Strategy
https://www.tradingview.com/script/B4hF4Yrh-Dr-Keith-Wade-Momentum-Signals/,Dr. Keith Wade Momentum Signals,B4hF4Yrh-Dr-Keith-Wade-Momentum-Signals
https://www.tradingview.com/script/aUBQ3yqB-William-s-Awesome-Oscillator-AO-Log-scaled/,William's Awesome Oscillator (AO) - Log-scaled,aUBQ3yqB-William-s-Awesome-Oscillator-AO-Log-scaled
https://www.tradingview.com/script/UtpMVKcr-BB-Model-Inspired-Absolute-Strength-Index/,BB-Model Inspired Absolute Strength Index,UtpMVKcr-BB-Model-Inspired-Absolute-Strength-Index
https://www.tradingview.com/script/eXddm0Gg-Student-t-Weighted-Acceleration-Velocity/,Student-t Weighted Acceleration & Velocity,eXddm0Gg-Student-t-Weighted-Acceleration-Velocity
https://www.tradingview.com/script/LRxnO4Rv-HMA-Stoch-RSI-Entry-Signals-2min/,HMA + Stoch RSI Entry Signals [2min],LRxnO4Rv-HMA-Stoch-RSI-Entry-Signals-2min
https://www.tradingview.com/script/sQscQTK7-MACD-RSI-Divergence-Oscillator/,MACD-RSI Divergence Oscillator,sQscQTK7-MACD-RSI-Divergence-Oscillator
https://www.tradingview.com/script/P0lxkkJL/,WaveTrend with Crosses,P0lxkkJL
https://www.tradingview.com/script/KNcs25FU-TBMC-Clouds/,TBMC Clouds,KNcs25FU-TBMC-Clouds
https://www.tradingview.com/script/eSLYwn8O/,CCI-MACD Strategy 4.2,eSLYwn8O
https://www.tradingview.com/script/pGv73NtB-PRO-Investing-Apex-Engine/,PRO Investing - Apex Engine,pGv73NtB-PRO-Investing-Apex-Engine
https://www.tradingview.com/script/7ix2EvNm-MACD-Liquidity-Tracker-Strategy-Quant-Trading/,MACD Liquidity Tracker Strategy [Quant Trading],7ix2EvNm-MACD-Liquidity-Tracker-Strategy-Quant-Trading
https://www.tradingview.com/script/TXy7gMyu-Moving-Average-Exponential-Daily-Frozen-EMA/,Moving Average Exponential (Daily Frozen EMA),TXy7gMyu-Moving-Average-Exponential-Daily-Frozen-EMA
https://www.tradingview.com/script/MIL72ArT-3x-Multi-EMA-SMA-Colored/,3x Multi EMA/SMA Colored,MIL72ArT-3x-Multi-EMA-SMA-Colored
https://www.tradingview.com/script/okGdiUrn-myLMAs/,myLMAs,okGdiUrn-myLMAs
https://www.tradingview.com/script/adkdzp6p/,Cruce EMA 8 y SMA 20,adkdzp6p
https://www.tradingview.com/script/fFLaaPU4-CerberusFX-Greedy-Squirrel/,CerberusFX Greedy Squirrel,fFLaaPU4-CerberusFX-Greedy-Squirrel
https://www.tradingview.com/script/ud0hQzXd-MA-Crossover-with-Dots/,MA Crossover with Dots,ud0hQzXd-MA-Crossover-with-Dots
https://www.tradingview.com/script/8p00cUNB-Two-MA-Crossover-with-Labels/,Two MA Crossover with Labels,8p00cUNB-Two-MA-Crossover-with-Labels
https://www.tradingview.com/script/gbntkm0U-MA8-Entry-Opposite-Candle-Exit/,MA8 Entry + Opposite Candle Exit,gbntkm0U-MA8-Entry-Opposite-Candle-Exit
https://www.tradingview.com/script/x5IciimG-Daily-Moving-Average-to-Intraday-Chart/,Daily Moving Average to Intraday Chart,x5IciimG-Daily-Moving-Average-to-Intraday-Chart
https://www.tradingview.com/script/ou1Aqn57-Casper-SMC-5min-ORB-Roboquant-AI/,Casper SMC 5min ORB - Roboquant AI,ou1Aqn57-Casper-SMC-5min-ORB-Roboquant-AI
https://www.tradingview.com/script/lLxM4man-Basic-ORB-MOT/,Basic ORB [MOT],lLxM4man-Basic-ORB-MOT
https://www.tradingview.com/script/ebKXcQ3n/,ORB Giornaliero Dinamico,ebKXcQ3n
https://www.tradingview.com/script/W2wKH8K6-Max-Profit-Min-Loss-Options-Strategy/,Max Profit Min Loss Options Strategy,W2wKH8K6-Max-Profit-Min-Loss-Options-Strategy
https://www.tradingview.com/script/ddg0yfyn-IV-Percentile/,IV Percentile,ddg0yfyn-IV-Percentile
https://www.tradingview.com/script/UKM8eMpp-OB/,OB,UKM8eMpp-OB
https://www.tradingview.com/script/lDiuvKDX-Smart-Order-Blocks-Pro-Version/,Smart Order Blocks [Pro Version],lDiuvKDX-Smart-Order-Blocks-Pro-Version
https://www.tradingview.com/script/1w6KTxgs-QQQ-Bullish-Order-Block-July-2-2025/,"QQQ Bullish Order Block - July 2, 2025",1w6KTxgs-QQQ-Bullish-Order-Block-July-2-2025
https://www.tradingview.com/script/2cFdKAWT-Inversed-OB/,Inversed_OB,2cFdKAWT-Inversed-OB
https://www.tradingview.com/script/FCVwNww1-Enhanced-Order-Block-Zones-v6/,Enhanced Order Block Zones v6,FCVwNww1-Enhanced-Order-Block-Zones-v6
https://www.tradingview.com/script/OSufYTwv/,Panel Pro+ Quantum SmartPrompt,OSufYTwv
https://www.tradingview.com/script/K9CzBqMW/,NMT Buy/Sell Alarm GPT,K9CzBqMW
https://www.tradingview.com/script/vPljziCY-Digital-Clock-with-Candle-Alert/,Digital Clock with Candle Alert,vPljziCY-Digital-Clock-with-Candle-Alert
https://www.tradingview.com/script/sSBWAHOg/,ALFA ATC London,sSBWAHOg
https://www.tradingview.com/script/i7jzYIbJ-Spot-vs-Derivatives-Basis/,Spot vs. Derivatives Basis,i7jzYIbJ-Spot-vs-Derivatives-Basis
https://www.tradingview.com/script/f8A84Yrb-Midnight-Open-Line-Auto/,Midnight Open Line (Auto),f8A84Yrb-Midnight-Open-Line-Auto
https://www.tradingview.com/script/yJPEO3yT-DNA/,DNA,yJPEO3yT-DNA
https://www.tradingview.com/script/dj78jmEN-Zeefreaks-Predator-Mask-Crypto/,Zeefreaks Predator Mask Crypto,dj78jmEN-Zeefreaks-Predator-Mask-Crypto
https://www.tradingview.com/script/rB5APyVZ-Flying-Submarine-Sinc/,Flying Submarine Sinc,rB5APyVZ-Flying-Submarine-Sinc
https://www.tradingview.com/script/xKGfZfYm/,HMM Volatility-Adaptive Channel,xKGfZfYm
https://www.tradingview.com/script/RIyLJIUS-Customizable-Donchian-Channel-with-Offset-Lines/,Customizable Donchian Channel with Offset Lines,RIyLJIUS-Customizable-Donchian-Channel-with-Offset-Lines
https://www.tradingview.com/script/7n9gYxHz-FTM-SONIC-Combined-Candlesticks/,FTM → SONIC Combined Candlesticks,7n9gYxHz-FTM-SONIC-Combined-Candlesticks
https://www.tradingview.com/script/fNcw9JSn-WedgePatterns/,WedgePatterns,fNcw9JSn-WedgePatterns
https://www.tradingview.com/script/yBRhqx4O-HeadShouldersPatterns/,HeadShouldersPatterns,yBRhqx4O-HeadShouldersPatterns
https://www.tradingview.com/script/cqgX9ZLu-Period-Separator-with-Dates/,Period Separator with Dates,cqgX9ZLu-Period-Separator-with-Dates
https://www.tradingview.com/script/gr8mOUT7-Daily-Vertical-Lines/,Daily Vertical Lines,gr8mOUT7-Daily-Vertical-Lines
https://www.tradingview.com/script/cTeMRkF2-Trading-Checklist-DrFXAi/,Trading Checklist - DrFXAi,cTeMRkF2-Trading-Checklist-DrFXAi
https://www.tradingview.com/script/lyCTgr1L/,Intraday Combo Strategy HH,lyCTgr1L
https://www.tradingview.com/script/qdLVxo8C/,Engulfing RSI EMA tohungmc tk,qdLVxo8C
https://www.tradingview.com/script/yiwaxQUa-Indicator-Tester/,Indicator Tester,yiwaxQUa-Indicator-Tester
https://www.tradingview.com/script/UjgaB1Bk-Liquidity-Trap-Zones-PhenLabs/,Liquidity Trap Zones [PhenLabs],UjgaB1Bk-Liquidity-Trap-Zones-PhenLabs
https://www.tradingview.com/script/PdQTev4f-Big-Trade-Heatmap/,Big Trade % Heatmap,PdQTev4f-Big-Trade-Heatmap
https://www.tradingview.com/script/JFQuzG5u-NEOs-TDI-Sharkfin-Scanner/,NEOs TDI + Sharkfin Scanner,JFQuzG5u-NEOs-TDI-Sharkfin-Scanner
https://www.tradingview.com/script/B0Ze8HAm-High-Win-Rate-Trader-by-iambuoyant/,High Win Rate Trader by iambuoyant,B0Ze8HAm-High-Win-Rate-Trader-by-iambuoyant
https://www.tradingview.com/script/qWCiDh5e-Smart-Trap-Candle-Detector-Pro/,Smart Trap Candle Detector [Pro],qWCiDh5e-Smart-Trap-Candle-Detector-Pro
https://www.tradingview.com/script/s0tOSoYZ/,Trigonometric Sine Cosine Waves,s0tOSoYZ
https://www.tradingview.com/script/3Eb955CO-Order-Block-Finder-5-min-Demand-Zones/,Order Block Finder (5-min Demand Zones),3Eb955CO-Order-Block-Finder-5-min-Demand-Zones
https://www.tradingview.com/script/EQkeFo0f-ShowMeTheMoves/,ShowMeTheMoves,EQkeFo0f-ShowMeTheMoves
https://www.tradingview.com/script/Uxr0QHV7-S-D-Direction/,S&D Direction,Uxr0QHV7-S-D-Direction
https://www.tradingview.com/script/vBk79MW8-Key-Indicators-Dashboard-KID/,Key Indicators Dashboard (KID),vBk79MW8-Key-Indicators-Dashboard-KID
https://www.tradingview.com/script/GTEEtThN-Elliott-Wave-Probability-System-Pro-v2/,Elliott Wave Probability System Pro v2,GTEEtThN-Elliott-Wave-Probability-System-Pro-v2
https://www.tradingview.com/script/6qYMDk0s-Percentage-Buy-Target-Stop-Overlay/,"Percentage Buy, Target, Stop + Overlay",6qYMDk0s-Percentage-Buy-Target-Stop-Overlay
https://www.tradingview.com/script/FG1WhSWX-Alprof-Strategy/,Alprof Strategy,FG1WhSWX-Alprof-Strategy
https://www.tradingview.com/script/K64gbP3o-Marwatian-Trader/,Marwatian Trader,K64gbP3o-Marwatian-Trader
https://www.tradingview.com/script/oC4WRGU3-Harmonic-Bloom/,Harmonic Bloom,oC4WRGU3-Harmonic-Bloom
https://www.tradingview.com/script/w7CCh3Nn-EMA-Grid-Martingale-Indicator-Long-Only/,EMA Grid + Martingale Indicator (Long-Only),w7CCh3Nn-EMA-Grid-Martingale-Indicator-Long-Only
https://www.tradingview.com/script/AKNeG3st-XABCD-Harmonics/,XABCD_Harmonics,AKNeG3st-XABCD-Harmonics
https://www.tradingview.com/script/AFkRZjjk-Indian-Stocks-Daily-Weekly-Monthly-All-Time-High-Low/,"Indian Stocks Daily, Weekly, Monthly, All-Time High-Low",AFkRZjjk-Indian-Stocks-Daily-Weekly-Monthly-All-Time-High-Low
https://www.tradingview.com/script/Nql5VrY4-Hybrid-Strategy-with-Position-Control/,Hybrid Strategy with Position Control,Nql5VrY4-Hybrid-Strategy-with-Position-Control
https://www.tradingview.com/script/6hhpJMsl/,EMA and Dow Theory Strategies,6hhpJMsl
https://www.tradingview.com/script/w3wZaPlM-Hybrid-Strategy-with-Position-Control-Breakout-Filter/,Hybrid Strategy with Position Control & Breakout Filter,w3wZaPlM-Hybrid-Strategy-with-Position-Control-Breakout-Filter
https://www.tradingview.com/script/EeJcP2EN-CRT-Impulse-Detector-Bull-Bear/,CRT Impulse Detector - Bull & Bear,EeJcP2EN-CRT-Impulse-Detector-Bull-Bear
https://www.tradingview.com/script/3R61uCGK-Crypto-Weighted-60-Day-Return-Index/,Crypto Weighted 60 Day Return Index,3R61uCGK-Crypto-Weighted-60-Day-Return-Index
https://www.tradingview.com/script/HWr1xXkk-Crypto-Month-Separator/,Crypto Month Separator,HWr1xXkk-Crypto-Month-Separator
https://www.tradingview.com/script/BPgaBWyG-DAX-Inducere-Simpl%C4%83-v1-3-Confirmare-Inducere/,DAX Inducere Simplă v1.3 – Confirmare Inducere,BPgaBWyG-DAX-Inducere-Simpl%C4%83-v1-3-Confirmare-Inducere
https://www.tradingview.com/script/iaSg9Wed-Khalid-SPX-Indicator-Auto-Weekly/,Khalid SPX Indicator - Auto Weekly,iaSg9Wed-Khalid-SPX-Indicator-Auto-Weekly
https://www.tradingview.com/script/e6S1RqBC/,GreenyyP Leverage Vortex v6,e6S1RqBC
https://www.tradingview.com/script/6exrsJTo-Iambuoyant-High-Win-Rate-Trader/,Iambuoyant High Win Rate Trader,6exrsJTo-Iambuoyant-High-Win-Rate-Trader
https://www.tradingview.com/script/esGoNRnf-AI-s-Opinion-Trading-System-V2/,AI's Opinion Trading System V2,esGoNRnf-AI-s-Opinion-Trading-System-V2
https://www.tradingview.com/script/3oIutYnB-AI-s-Opinion-Trading-System-V2/,AI's Opinion Trading System V2,3oIutYnB-AI-s-Opinion-Trading-System-V2
https://www.tradingview.com/script/lmCaTAPv/,SCTI-RSK,lmCaTAPv
https://www.tradingview.com/script/bQE6AU0E-Ungli/,Ungli,bQE6AU0E-Ungli
https://www.tradingview.com/script/rMvRDZAq-TF-Alignment-Multi-TF-EMA-MACD-RSI/,TF Alignment - Multi TF EMA/MACD/RSI,rMvRDZAq-TF-Alignment-Multi-TF-EMA-MACD-RSI
https://www.tradingview.com/script/bMgQdney/,MACD H4 on M15 Chart,bMgQdney
https://www.tradingview.com/script/v9LarOzS-HTF-Candles-theUltimator5/,HTF Candles [theUltimator5],v9LarOzS-HTF-Candles-theUltimator5
https://www.tradingview.com/script/2Pm8859o-Multi-Indicator-AI-TableV10/,Multi-Indicator AI TableV10,2Pm8859o-Multi-Indicator-AI-TableV10
https://www.tradingview.com/script/dt4O3hhe-Buy-Price-Marker/,Buy Price Marker,dt4O3hhe-Buy-Price-Marker
https://www.tradingview.com/script/ZkbnwpZa-Provider-Script-Test/,Provider Script Test,ZkbnwpZa-Provider-Script-Test
https://www.tradingview.com/script/QXH5irHF-PineVersatilitiesBundle/,PineVersatilitiesBundle,QXH5irHF-PineVersatilitiesBundle
https://www.tradingview.com/script/Lm1ZpwD0/,MVRV Altcoins,Lm1ZpwD0
https://www.tradingview.com/script/hdU51jdP-open-interest-screener-fixed-zones/,Open Interest Screener (Fixed Zones),hdU51jdP-open-interest-screener-fixed-zones
https://www.tradingview.com/script/yC4TkZNU-Bracket-Preview/,Bracket Preview,yC4TkZNU-Bracket-Preview
https://www.tradingview.com/script/PiyuVORz-Trend-Flow-Oscillator-CMF-MFI-ADX/,Trend Flow Oscillator (CMF + MFI) + ADX,PiyuVORz-Trend-Flow-Oscillator-CMF-MFI-ADX
https://www.tradingview.com/script/Q61T3UxN-RSI-with-Williams-R-Coloring/,RSI with Williams %R Coloring,Q61T3UxN-RSI-with-Williams-R-Coloring
https://www.tradingview.com/script/LofwH6lh-3-EMA-Pullback-Strategy-with-ATR/,3 EMA Pullback Strategy with ATR,LofwH6lh-3-EMA-Pullback-Strategy-with-ATR
https://www.tradingview.com/script/lrv5Hkzx-SPX-Levels-Adjusted-to-Active-Ticker/,SPX Levels Adjusted to Active Ticker,lrv5Hkzx-SPX-Levels-Adjusted-to-Active-Ticker
https://www.tradingview.com/script/mciPHfF9-SPX-Levels-Adjusted-to-ES1/,SPX Levels Adjusted to ES1!,mciPHfF9-SPX-Levels-Adjusted-to-ES1
https://www.tradingview.com/script/fStSIWXu-EMA-SMA-RSI-Strategy/,EMA-SMA & RSI Strategy,fStSIWXu-EMA-SMA-RSI-Strategy
https://www.tradingview.com/script/XT6pSIH2-ORB-Screener-Multiple-Indicators-Marin-adjusted/,ORB Screener-Multiple Indicators [Marin adjusted],XT6pSIH2-ORB-Screener-Multiple-Indicators-Marin-adjusted
https://www.tradingview.com/script/VbytmILN-QTR-Sector-Fund-Performance-vs-SPY-by-LM/,QTR Sector Fund Performance vs SPY - by LM,VbytmILN-QTR-Sector-Fund-Performance-vs-SPY-by-LM
https://www.tradingview.com/script/MBdLvMYW-Buy-and-Sell-Signals-Alper-Algo-5min-v6/,Buy and Sell Signals Alper Algo [5min] v6,MBdLvMYW-Buy-and-Sell-Signals-Alper-Algo-5min-v6
https://www.tradingview.com/script/uhobMvvU-Lorentzian-Theory-Classifier/,Lorentzian Theory Classifier,uhobMvvU-Lorentzian-Theory-Classifier
https://www.tradingview.com/script/EPObtD87/,Log Return Distribution,EPObtD87
https://www.tradingview.com/script/IS2gw9Fi-Hypothesis-TF-Strategy-Evaluation/,Hypothesis TF Strategy Evaluation,IS2gw9Fi-Hypothesis-TF-Strategy-Evaluation
https://www.tradingview.com/script/ErBQU40f-SG-CBC-Table-Full-10min-2min/,SG CBC Table - Full 10min & 2min,ErBQU40f-SG-CBC-Table-Full-10min-2min
https://www.tradingview.com/script/1gnXPhsO-HTF-Sweep-Model-with-CISD-Table-vmod/,HTF Sweep Model with CISD Table vmod,1gnXPhsO-HTF-Sweep-Model-with-CISD-Table-vmod
https://www.tradingview.com/script/kMVvtGD9-Text/,Text,kMVvtGD9-Text
https://www.tradingview.com/script/9lKNrwhJ-Timed-Trade-Close-Alert/,Timed Trade Close Alert,9lKNrwhJ-Timed-Trade-Close-Alert
https://www.tradingview.com/script/FcTla7Di-Clarix-Trailing-Master/,Clarix Trailing Master,FcTla7Di-Clarix-Trailing-Master
https://www.tradingview.com/script/OTfw8b2a-Trading-Report-Generator-from-CSV/,Trading Report Generator from CSV,OTfw8b2a-Trading-Report-Generator-from-CSV
https://www.tradingview.com/script/X4cWoOpa-kinetic-test123matt/,kinetic test123matt,X4cWoOpa-kinetic-test123matt
https://www.tradingview.com/script/XDQc0U3G/,Performance / a,XDQc0U3G
https://www.tradingview.com/script/R743c6nL-Previous-Bar-OHLC-5m-20-EMA/,Previous Bar OHLC + 5m 20 EMA,R743c6nL-Previous-Bar-OHLC-5m-20-EMA
https://www.tradingview.com/script/nAcw2XVH/,OHLC_Day,nAcw2XVH
https://www.tradingview.com/script/yyUvSwok-FVG-Liquidity-Sweeps/,FVG + Liquidity Sweeps,yyUvSwok-FVG-Liquidity-Sweeps
https://www.tradingview.com/script/xivO7kca-lib-listaAtivos-Posseidon/,lib_listaAtivos_Posseidon,xivO7kca-lib-listaAtivos-Posseidon
https://www.tradingview.com/script/RA2vGpkA-ta/,ta,RA2vGpkA-ta
https://www.tradingview.com/script/tP6Hwn7N-Combined-Strat-Dashboard-FVG-M-E-Stars/,Combined: Strat Dashboard + FVG + M&E Stars,tP6Hwn7N-Combined-Strat-Dashboard-FVG-M-E-Stars
https://www.tradingview.com/script/FgpIF4pt-Universal-Valuation-Lyro-RS/,Universal Valuation | Lyro RS,FgpIF4pt-Universal-Valuation-Lyro-RS
https://www.tradingview.com/script/HkjWFtc9-Worthy-Asset-Strategy/,Worthy Asset Strategy,HkjWFtc9-Worthy-Asset-Strategy
https://www.tradingview.com/script/73jeDsYt-First-Trading-Day-of-Week-Holiday-Safe/,First Trading Day of Week (Holiday Safe),73jeDsYt-First-Trading-Day-of-Week-Holiday-Safe
https://www.tradingview.com/script/kEtfhtap-Time-Range-Marker-By-BCB-Elevate/,Time Range Marker By BCB Elevate,kEtfhtap-Time-Range-Marker-By-BCB-Elevate
https://www.tradingview.com/script/QsbjbolA-Custom-EMA-9-21-50-200/,Custom EMA 9/21/50/200,QsbjbolA-Custom-EMA-9-21-50-200
https://www.tradingview.com/script/BM8vMrRG-Timeframe-Quadrants-InvrsROBINHOOD/,Timeframe Quadrants | InvrsROBINHOOD,BM8vMrRG-Timeframe-Quadrants-InvrsROBINHOOD
https://www.tradingview.com/script/KAFBPu90-Railway-Track-Pattern-Nifty-50/,Railway Track Pattern - Nifty 50,KAFBPu90-Railway-Track-Pattern-Nifty-50
https://www.tradingview.com/script/88qKhlua-BD-Inside-Bars/,BD Inside Bars,88qKhlua-BD-Inside-Bars
https://www.tradingview.com/script/3ZJsdqnl-DoublePatterns/,DoublePatterns,3ZJsdqnl-DoublePatterns
https://www.tradingview.com/script/KITWWipu-Expansion-Triangle-TradingFinder-MegaPhone-Broadening/,Expansion Triangle [TradingFinder] MegaPhone Broadening,KITWWipu-Expansion-Triangle-TradingFinder-MegaPhone-Broadening
https://www.tradingview.com/script/ppD1KhPY/,AnnualizedReturnCalculator,ppD1KhPY
https://www.tradingview.com/script/txdBYUM7-Internal-Pivot-Pattern-LuxAlgo/,Internal Pivot Pattern [LuxAlgo],txdBYUM7-Internal-Pivot-Pattern-LuxAlgo
https://www.tradingview.com/script/u8yva0Ls-Level-Master-Pro-MMT/,Level Master Pro+ [MMT],u8yva0Ls-Level-Master-Pro-MMT
https://www.tradingview.com/script/zEQWgJv1-PivotLibrary222/,PivotLibrary222,zEQWgJv1-PivotLibrary222
https://www.tradingview.com/script/c2TSkbGi-Current-Typical-Prices/,Current Typical Prices,c2TSkbGi-Current-Typical-Prices
https://www.tradingview.com/script/9yxmTRPA-Multi-Timeframe-SMT/,Multi-Timeframe SMT,9yxmTRPA-Multi-Timeframe-SMT
https://www.tradingview.com/script/jnlUuErh-2-Asset-Optimal-Portfolio/,2 Asset Optimal Portfolio,jnlUuErh-2-Asset-Optimal-Portfolio
https://www.tradingview.com/script/wZG9sEGn-Portfolio-Tracker-ARJO-V-01/,Portfolio Tracker ARJO (V-01),wZG9sEGn-Portfolio-Tracker-ARJO-V-01
https://www.tradingview.com/script/aW9DuI1H-TQQQ-Live-PnL-Tracker/,TQQQ Live PnL Tracker,aW9DuI1H-TQQQ-Live-PnL-Tracker
https://www.tradingview.com/script/kWuPxUnp-Position-Sizing-Based-on-42-Day-Volatility-20-Holdings-1x-Cap/,"Position Sizing Based on 42-Day Volatility (20 Holdings, 1x Cap)",kWuPxUnp-Position-Sizing-Based-on-42-Day-Volatility-20-Holdings-1x-Cap
https://www.tradingview.com/script/MRPSxuij-Position-Sizing-Based-on-42-Day-Volatility-20-Holdings/,Position Sizing Based on 42-Day Volatility (20 Holdings),MRPSxuij-Position-Sizing-Based-on-42-Day-Volatility-20-Holdings
https://www.tradingview.com/script/Lj3LTnBP-Share-Size-Finder/,Share Size Finder,Lj3LTnBP-Share-Size-Finder
https://www.tradingview.com/script/D3lciHxH-calculate-quantity/,calculate_quantity,D3lciHxH-calculate-quantity
https://www.tradingview.com/script/WtaFZGLB/,PnL_EMA_TRACK12_PRO_3.3_full_adjusted,WtaFZGLB
https://www.tradingview.com/script/hZUbIp7I-Big-Candle/,Big Candle,hZUbIp7I-Big-Candle
https://www.tradingview.com/script/vRl3fSYC-Breakout-Retest-Strategy/,Breakout + Retest Strategy,vRl3fSYC-Breakout-Retest-Strategy
https://www.tradingview.com/script/mFBTRjd1/,3 Bullish Candles + No Wick + SL unter BoS (Swing Low),mFBTRjd1
https://www.tradingview.com/script/NZ3wo9H9-Equal-Highs-and-Lows-Line-Between-Matches-Only/,Equal Highs and Lows (Line Between Matches Only),NZ3wo9H9-Equal-Highs-and-Lows-Line-Between-Matches-Only
https://www.tradingview.com/script/AE6HnUcD-Fair-Value-Gap-Dova-Lazarus/,Fair Value Gap [Dova Lazarus],AE6HnUcD-Fair-Value-Gap-Dova-Lazarus
https://www.tradingview.com/script/DcRtDsSy/,rEMAExp,DcRtDsSy
https://www.tradingview.com/script/XOPK7IdA-Candle-Range-Classifier-Dots-Only/,Candle Range Classifier Dots Only,XOPK7IdA-Candle-Range-Classifier-Dots-Only
https://www.tradingview.com/script/WC3DYn1W-Trend-Range-Detector-Zeiierman/,Trend Range Detector (Zeiierman),WC3DYn1W-Trend-Range-Detector-Zeiierman
https://www.tradingview.com/script/yTyD7fX2-Weekly-Range-Projections/,Weekly Range Projections,yTyD7fX2-Weekly-Range-Projections
https://www.tradingview.com/script/9ztlnzNW-Twin-Tower-Levels-Hopi-Method-Old/,Twin Tower Levels – Hopi Method (Old),9ztlnzNW-Twin-Tower-Levels-Hopi-Method-Old
https://www.tradingview.com/script/fInJclM1-Fibonacci-Range-Detector-BullVision/,Fibonacci Range Detector ║ BullVision,fInJclM1-Fibonacci-Range-Detector-BullVision
https://www.tradingview.com/script/Nrhfb6o0-30s-OR-Projections/,30s OR Projections,Nrhfb6o0-30s-OR-Projections
https://www.tradingview.com/script/io7K4KC3-Prev-Day-High-Low-15min-Range-Boxes/,Prev Day High/Low + 15min Range Boxes,io7K4KC3-Prev-Day-High-Low-15min-Range-Boxes
https://www.tradingview.com/script/YPczADVM-Forex-Monday-Range/,Forex Monday Range,YPczADVM-Forex-Monday-Range
https://www.tradingview.com/script/gnSAgg68-BTC-vs-MSTR-Performance/,BTC vs MSTR Performance,gnSAgg68-BTC-vs-MSTR-Performance
https://www.tradingview.com/script/u3RhMjMd-Relative-Strength-Line-by-Ankit-Prajapati/,Relative Strength Line by Ankit Prajapati,u3RhMjMd-Relative-Strength-Line-by-Ankit-Prajapati
https://www.tradingview.com/script/7lr5nsya-Relative-Strength-RSI-with-Levels/,Relative Strength RSI with Levels,7lr5nsya-Relative-Strength-RSI-with-Levels
https://www.tradingview.com/script/sEFJrisX-1-Hour-HA-Venkat-Sir-Commodities/,1 Hour HA Venkat Sir Commodities,sEFJrisX-1-Hour-HA-Venkat-Sir-Commodities
https://www.tradingview.com/script/fkd4Zjni-Venkat-Sir-RSI-38/,Venkat Sir RSI 38,fkd4Zjni-Venkat-Sir-RSI-38
https://www.tradingview.com/script/WXHqMJOg-liquidity-grab-detector-stop-hunt-sniper-v2-2/,Liquidity Grab Detector (Stop Hunt Sniper) v2.2,WXHqMJOg-liquidity-grab-detector-stop-hunt-sniper-v2-2
https://www.tradingview.com/script/seGQzMqZ-smart-price-divergence-macd-filter-ema/,Smart Price Divergence (MACD Filter) + EMA,seGQzMqZ-smart-price-divergence-macd-filter-ema
https://www.tradingview.com/script/hQzNdqhg-smart-rsi-divergence-pro-auto-lines-alerts/,Smart RSI Divergence PRO | Auto Lines + Alerts,hQzNdqhg-smart-rsi-divergence-pro-auto-lines-alerts
https://www.tradingview.com/script/zNEBqPOl-Hidden-Liquidity-Shift-Detector/,Hidden Liquidity Shift Detector,zNEBqPOl-Hidden-Liquidity-Shift-Detector
https://www.tradingview.com/script/cGWKfiGO-Clarix-Smart-Reversal-Scorecard/,Clarix Smart Reversal Scorecard,cGWKfiGO-Clarix-Smart-Reversal-Scorecard
https://www.tradingview.com/script/A4vifGhv-SMT-Divergence-x-outofoptions/,SMT Divergence x outofoptions,A4vifGhv-SMT-Divergence-x-outofoptions
https://www.tradingview.com/script/HwMfUgR2-Flexi-MA-Reversal/,Flexi MA Reversal,HwMfUgR2-Flexi-MA-Reversal
https://www.tradingview.com/script/S3fKlJMV-Kairos-Barakah/,Kairos Barakah,S3fKlJMV-Kairos-Barakah
https://www.tradingview.com/script/u7X05Lva-cd-sweep-cisd-Cx/,cd_sweep&cisd_Cx,u7X05Lva-cd-sweep-cisd-Cx
https://www.tradingview.com/script/G5Z0U4re-Call-and-Put-signals-vivekm8955/,Call and Put signals[vivekm8955],G5Z0U4re-Call-and-Put-signals-vivekm8955
https://www.tradingview.com/script/cBP2lt0d-RSI-Long-Only-with-Confirmed-Crossbacks/,RSI Long Only with Confirmed Crossbacks,cBP2lt0d-RSI-Long-Only-with-Confirmed-Crossbacks
https://www.tradingview.com/script/j8tenzvM-Zone-Levels-Final-888/,Zone Levels (Final 888),j8tenzvM-Zone-Levels-Final-888
https://www.tradingview.com/script/RQRxGyZI-NY-Liquidity-Reversal-Debug-Mode/,NY Liquidity Reversal - Debug Mode,RQRxGyZI-NY-Liquidity-Reversal-Debug-Mode
https://www.tradingview.com/script/De5HPP59-Volume-Peak-Line/,Volume Peak Line,De5HPP59-Volume-Peak-Line
https://www.tradingview.com/script/TNvKGurX-Reversal-Point-Dynamics/,Reversal Point Dynamics,TNvKGurX-Reversal-Point-Dynamics
https://www.tradingview.com/script/Pzzf6GUf/,Overheat Oscillator with Divergence,Pzzf6GUf
https://www.tradingview.com/script/36RtBJ2t-3-Bar-Compression-Reversal-Pattern/,3-Bar Compression Reversal Pattern,36RtBJ2t-3-Bar-Compression-Reversal-Pattern
https://www.tradingview.com/script/AL8wJYyv-WT-Stoch-RSI-Reversal-Combo/,WT + Stoch RSI Reversal Combo,AL8wJYyv-WT-Stoch-RSI-Reversal-Combo
https://www.tradingview.com/script/g8nnkVgk-WT-Stoch-RSI-Reversal-Combo/,WT + Stoch RSI Reversal Combo,g8nnkVgk-WT-Stoch-RSI-Reversal-Combo
https://www.tradingview.com/script/GqB8w61q-MR-Z-Stoch-RSI-K-Reversal-Signals/,MR.Z Stoch RSI %K Reversal Signals,GqB8w61q-MR-Z-Stoch-RSI-K-Reversal-Signals
https://www.tradingview.com/script/KhXHlbtI-Fat-Tails-Analyzer/,Fat Tails Analyzer,KhXHlbtI-Fat-Tails-Analyzer
https://www.tradingview.com/script/AhzY96nT-Max-Drawdown-Asset-Based-Lookback/,Max Drawdown (Asset-Based Lookback),AhzY96nT-Max-Drawdown-Asset-Based-Lookback
https://www.tradingview.com/script/Irs5HD31-Daily-ATR-Stop-Loss-Buffer/,Daily ATR Stop Loss Buffer,Irs5HD31-Daily-ATR-Stop-Loss-Buffer
https://www.tradingview.com/script/c1VG0qJJ/,STC1,c1VG0qJJ
https://www.tradingview.com/script/KiMzvDPN-TrailingStopLibrary/,TrailingStopLibrary,KiMzvDPN-TrailingStopLibrary
https://www.tradingview.com/script/Py3nuTGM-Risk-Context-Position-Sizing/,Risk Context + Position Sizing,Py3nuTGM-Risk-Context-Position-Sizing
https://www.tradingview.com/script/HZdegeYR-Simple-ATR-Info/,Simple ATR Info,HZdegeYR-Simple-ATR-Info
https://www.tradingview.com/script/KSMnnHhc/,Gold 3min Trading Pro [XAU/USD],KSMnnHhc
https://www.tradingview.com/script/3a0iBTkB-strategy1/,strategy1,3a0iBTkB-strategy1
https://www.tradingview.com/script/mOKsGRKk-oi-scalp-ansh/,OI Scalp AnSh,mOKsGRKk-oi-scalp-ansh
https://www.tradingview.com/script/B3rZXyIE-Scalping-Indicator-v6/,Scalping Indicator v6,B3rZXyIE-Scalping-Indicator-v6
https://www.tradingview.com/script/6ns7wu8Y-CBC-Flip-SonB/,CBC Flip SonB,6ns7wu8Y-CBC-Flip-SonB
https://www.tradingview.com/script/xmIzIhij/,Smart Scalper - Liquidez + Tendência + Confirmação,xmIzIhij
https://www.tradingview.com/script/sepGsxRw-lbb-rsi-multi-level-compact-table/,LBB + RSI Multi-Level + Compact Table,sepGsxRw-lbb-rsi-multi-level-compact-table
https://www.tradingview.com/script/Goqrxq8A/,Estrategia EMA + RSI,Goqrxq8A
https://www.tradingview.com/script/4qXvQobj-Eliora-Gold-1min-Heikin-Ashi/,Eliora Gold 1min (Heikin Ashi),4qXvQobj-Eliora-Gold-1min-Heikin-Ashi
https://www.tradingview.com/script/wLibQDRu-Clarix-5m-Scalping-Breakout-Strategy/,Clarix 5m Scalping Breakout Strategy,wLibQDRu-Clarix-5m-Scalping-Breakout-Strategy
https://www.tradingview.com/script/DCL6OBNO-XAUUSD-Scalper-Levels-ChatGPT-v2-5/,XAUUSD Scalper Levels (ChatGPT v2.5),DCL6OBNO-XAUUSD-Scalper-Levels-ChatGPT-v2-5
https://www.tradingview.com/script/HmAPihQA-15m-EMA-50-Cloud/,15m EMA 50 Cloud,HmAPihQA-15m-EMA-50-Cloud
https://www.tradingview.com/script/oS1nEpE1-Scalper-Pattern-Recognition-Price-Action/,Scalper - Pattern Recognition & Price Action,oS1nEpE1-Scalper-Pattern-Recognition-Price-Action
https://www.tradingview.com/script/LeDnH5Fz-Reversal-Signal-avec-TICK-RSI/,Reversal Signal avec TICK + RSI,LeDnH5Fz-Reversal-Signal-avec-TICK-RSI
https://www.tradingview.com/script/7XJTqCJR-Gabriel-s-Dynamic-Sentiment-RSI/,Gabriel's Dynamic Sentiment RSI,7XJTqCJR-Gabriel-s-Dynamic-Sentiment-RSI
https://www.tradingview.com/script/Y8McnmwR-COT-Comm-Osci/,COT Comm Osci,Y8McnmwR-COT-Comm-Osci
https://www.tradingview.com/script/XAj1Ix7y-MCPZ-Meme-Coin-Price-Z-Score-Da-Prof/,MCPZ - Meme Coin Price Z-Score [Da_Prof],XAj1Ix7y-MCPZ-Meme-Coin-Price-Z-Score-Da-Prof
https://www.tradingview.com/script/3oS2DPqQ-Sessions-13-Zones-ValentijnJelte/,Sessions 13-Zones ValentijnJelte,3oS2DPqQ-Sessions-13-Zones-ValentijnJelte
https://www.tradingview.com/script/NfT6sM34/,Sesiones + FVG + PDH / PDL,NfT6sM34
https://www.tradingview.com/script/09eYLVhH-Asian-London-Session-Two-Color-Candles/,Asian & London Session Two-Color Candles,09eYLVhH-Asian-London-Session-Two-Color-Candles
https://www.tradingview.com/script/5DmcioL0-London-NY-Session-Markers-Pip-Movement/,London & NY Session Markers + Pip Movement,5DmcioL0-London-NY-Session-Markers-Pip-Movement
https://www.tradingview.com/script/Jz5g52ht/,Multi-Session Levels + EMA Crosses + TP Calculator (GBP/USD),Jz5g52ht
https://www.tradingview.com/script/8hczlAjP-Sessions/,Sessions,8hczlAjP-Sessions
https://www.tradingview.com/script/K0ZLvoh6-London-Session-Market-Structure/,London Session & Market Structure,K0ZLvoh6-London-Session-Market-Structure
https://www.tradingview.com/script/VSvCUEXL-Sessions-HH-LL/,Sessions HH/LL,VSvCUEXL-Sessions-HH-LL
https://www.tradingview.com/script/z7Y2jzoc-SignalsHub/,SignalsHub,z7Y2jzoc-SignalsHub
https://www.tradingview.com/script/80ozjhnh-SQV-Indicator-Bridge/,SQV Indicator Bridge,80ozjhnh-SQV-Indicator-Bridge
https://www.tradingview.com/script/Lyhmd9hk-Strategy-Chameleon-theUltimator5/,Strategy Chameleon [theUltimator5],Lyhmd9hk-Strategy-Chameleon-theUltimator5
https://www.tradingview.com/script/tmA7b3PA-SulLaLuna-PO3-Acceleration-Tracker/,SulLaLuna PO3 Acceleration Tracker,tmA7b3PA-SulLaLuna-PO3-Acceleration-Tracker
https://www.tradingview.com/script/1KLR5UuB-XAUUSD-SMC-Strategy-FVG-BoS/,XAUUSD SMC Strategy (FVG + BoS),1KLR5UuB-XAUUSD-SMC-Strategy-FVG-BoS
https://www.tradingview.com/script/75hyo9vL/,DR V966 - Smart Money Concepts,75hyo9vL
https://www.tradingview.com/script/35KvNHtZ-SMC-XAU-USD-Pro/,SMC XAU/USD Pro,35KvNHtZ-SMC-XAU-USD-Pro
https://www.tradingview.com/script/Mqa93A76-Smart-Money-Concepts-By-TradingNexus-Pro-Visual-Edition/,Smart Money Concepts - By TradingNexus – Pro Visual Edition,Mqa93A76-Smart-Money-Concepts-By-TradingNexus-Pro-Visual-Edition
https://www.tradingview.com/script/xl6X4wYH-Order-Block-Liquidity-Sniper-by-TradingNexus/,Order Block + Liquidity Sniper by TradingNexus,xl6X4wYH-Order-Block-Liquidity-Sniper-by-TradingNexus
https://www.tradingview.com/script/vPDJSdW0-Futures-Trade-Entry-Indicator-MTF/,Futures Trade Entry Indicator (MTF),vPDJSdW0-Futures-Trade-Entry-Indicator-MTF
https://www.tradingview.com/script/EQoCKLcf-Impulse-Alert-Supply-Sell-Fixed/,Impulse Alert - Supply (Sell) [Fixed],EQoCKLcf-Impulse-Alert-Supply-Sell-Fixed
https://www.tradingview.com/script/FzlbYMy8-TMAD-Algo-Supply-Demand/,TMAD Algo Supply Demand,FzlbYMy8-TMAD-Algo-Supply-Demand
https://www.tradingview.com/script/qJ86uNQA-PRO-SMC-DASHBOARD/,PRO SMC DASHBOARD,qJ86uNQA-PRO-SMC-DASHBOARD
https://www.tradingview.com/script/0sjcsPgM-Supply-Demand-Zones-Fixed-v3-Cross-YES-Only/,Supply/Demand Zones - Fixed v3 (Cross YES Only),0sjcsPgM-Supply-Demand-Zones-Fixed-v3-Cross-YES-Only
https://www.tradingview.com/script/qVHF2xGN-Stochastic-Ribbon-EMAs/,Stochastic Ribbon & EMAs,qVHF2xGN-Stochastic-Ribbon-EMAs
https://www.tradingview.com/script/3yVo6g3O-NY-Close-High-Low-UAE-Time/,NY Close High/Low - UAE Time,3yVo6g3O-NY-Close-High-Low-UAE-Time
https://www.tradingview.com/script/XPK970uJ-buyer-seller-zone-simplified-version/,Buyer/Seller Zone (Simplified Version),XPK970uJ-buyer-seller-zone-simplified-version
https://www.tradingview.com/script/LBapA9j3-Live-Candle-10-Points-Last-2-Bars-Only/,Live Candle ±10 Points (Last 2 Bars Only),LBapA9j3-Live-Candle-10-Points-Last-2-Bars-Only
https://www.tradingview.com/script/j94W8wbx-Webull-style-VWAP/,Webull-style VWAP,j94W8wbx-Webull-style-VWAP
https://www.tradingview.com/script/5azMGL1V-RSI-Shift-Zone-ChartPrime/,RSI Shift Zone [ChartPrime],5azMGL1V-RSI-Shift-Zone-ChartPrime
https://www.tradingview.com/script/QpOi7cQW-X-Opens/,X Opens+,QpOi7cQW-X-Opens
https://www.tradingview.com/script/O4apDjnm-Previous-Day-Levels-High-Low-Open-Close/,"Previous Day Levels (High, Low, Open, Close)",O4apDjnm-Previous-Day-Levels-High-Low-Open-Close
https://www.tradingview.com/script/Wa5LFex4-Session-Key-Levels-Lines-with-Labels/,Session Key Levels Lines (with Labels),Wa5LFex4-Session-Key-Levels-Lines-with-Labels
https://www.tradingview.com/script/AO3EjMsN-Premarket-High-Low-Lines/,Premarket High/Low Lines,AO3EjMsN-Premarket-High-Low-Lines
https://www.tradingview.com/script/BDHiirPu-PulseLinesLib/,PulseLinesLib,BDHiirPu-PulseLinesLib
https://www.tradingview.com/script/13y7If97-Fractal-Support-and-Resistance-BigBeluga/,Fractal Support and Resistance [BigBeluga],13y7If97-Fractal-Support-and-Resistance-BigBeluga
https://www.tradingview.com/script/HHe6paPV-Weekly-8-EMA-Horizontal-Line/,Weekly 8 EMA Horizontal Line,HHe6paPV-Weekly-8-EMA-Horizontal-Line
https://www.tradingview.com/script/E2wCDIcO-Multi-Timeframe-High-Low-Lines/,Multi-Timeframe High/Low Lines,E2wCDIcO-Multi-Timeframe-High-Low-Lines
https://www.tradingview.com/script/zedTjIHo-PdH-e-PdL-Dia-Anterior/,PdH e PdL (Dia Anterior),zedTjIHo-PdH-e-PdL-Dia-Anterior
https://www.tradingview.com/script/gX9VCYpZ-Custom-Opening-Times/,Custom Opening Times,gX9VCYpZ-Custom-Opening-Times
https://www.tradingview.com/script/28E07V1U-Prev-Candle-Quarters-MTF-Price/,Prev Candle Quarters (MTF) – % + Price,28E07V1U-Prev-Candle-Quarters-MTF-Price
https://www.tradingview.com/script/RAUK3bAP-POITypes/,POITypes,RAUK3bAP-POITypes
https://www.tradingview.com/script/twZg7eSE-Daily-Weekly-Monthly-Highs-Lows-Dova-Lazarus/,Daily Weekly Monthly Highs & Lows [Dova Lazarus],twZg7eSE-Daily-Weekly-Monthly-Highs-Lows-Dova-Lazarus
https://www.tradingview.com/script/tV5WLmYi/,ICT TOOLS,tV5WLmYi
https://www.tradingview.com/script/Ggy040H1-Smart-MTF-S-R-Levels-BullByte/,Smart MTF S/R Levels[BullByte],Ggy040H1-Smart-MTF-S-R-Levels-BullByte
https://www.tradingview.com/script/QzxeTgMP-I-m-rich/,I'm rich,QzxeTgMP-I-m-rich
https://www.tradingview.com/script/8uu4TZLb/,Bollinger Levels Table - Horizontal Support Zones,8uu4TZLb
https://www.tradingview.com/script/SpEhxR1e/,Price Levels From File,SpEhxR1e
https://www.tradingview.com/script/YXpYk2LW-Persistent-Daily-4H-S-R-Zones-with-Labels-50-EMA/,Persistent Daily & 4H S/R Zones with Labels + 50 EMA,YXpYk2LW-Persistent-Daily-4H-S-R-Zones-with-Labels-50-EMA
https://www.tradingview.com/script/lKnY4eDa-D-Levels/,D-Levels,lKnY4eDa-D-Levels
https://www.tradingview.com/script/WRTDXMsF-Horizontal-Grid-from-Base-Price/,Horizontal Grid from Base Price,WRTDXMsF-Horizontal-Grid-from-Base-Price
https://www.tradingview.com/script/gqvOpph6-Midnight-30min-High-Low/,Midnight 30min High/Low,gqvOpph6-Midnight-30min-High-Low
https://www.tradingview.com/script/e6KHzutZ-Midnight-30min-High-Low/,Midnight 30min High/Low,e6KHzutZ-Midnight-30min-High-Low
https://www.tradingview.com/script/a4bXeIxB-Midnight-30min-High-Low/,Midnight 30min High/Low,a4bXeIxB-Midnight-30min-High-Low
https://www.tradingview.com/script/iFQv9P6y-High-Low-mura-vision/,High/Low mura vision,iFQv9P6y-High-Low-mura-vision
https://www.tradingview.com/script/L5AVnfam-Discord-Levels-Label-Toggle/,Discord Levels (Label Toggle),L5AVnfam-Discord-Levels-Label-Toggle
https://www.tradingview.com/script/iNek5ox2-Clean-ATR-Levels/,Clean ATR Levels,iNek5ox2-Clean-ATR-Levels
https://www.tradingview.com/script/fUzq426Q-Previous-Candle-High-Low-Clean/,Previous Candle High/Low (Clean),fUzq426Q-Previous-Candle-High-Low-Clean
https://www.tradingview.com/script/PRnJFK5E-Previous-Levels-Clustered-PDH-PDL-PWH-PWL-PMH-PML/,Previous Levels Clustered (PDH/PDL/PWH/PWL/PMH/PML),PRnJFK5E-Previous-Levels-Clustered-PDH-PDL-PWH-PWL-PMH-PML
https://www.tradingview.com/script/lrIxHk69-Previous-Day-High-Low-Box/,Previous-Day High–Low Box,lrIxHk69-Previous-Day-High-Low-Box
https://www.tradingview.com/script/nemI0nqJ-DA-Cloud-Dynamic/,DA Cloud - Dynamic,nemI0nqJ-DA-Cloud-Dynamic
https://www.tradingview.com/script/SgtW1DsG-Support-Resistance-Zones/,Support & Resistance Zones,SgtW1DsG-Support-Resistance-Zones
https://www.tradingview.com/script/PXDoXkfC-Multi-Method-Moving-Average-v6-0/,Multi-Method Moving Average v6.0,PXDoXkfC-Multi-Method-Moving-Average-v6-0
https://www.tradingview.com/script/9TArbpq5-HY-Levels/,HY-Levels,9TArbpq5-HY-Levels
https://www.tradingview.com/script/AbOE9J4N/,Support/Resistance MTF Merge Zones,AbOE9J4N
https://www.tradingview.com/script/byl0HiJD-Kill-Zone-Max-Volume-Candle-Lines/,Kill Zone Max Volume Candle Lines,byl0HiJD-Kill-Zone-Max-Volume-Candle-Lines
https://www.tradingview.com/script/AUsPh7VF-Fair-Value-MS/,Fair Value MS,AUsPh7VF-Fair-Value-MS
https://www.tradingview.com/script/MpdaalO1-S-R-Zones-MTF-TechnoBlooms/,S&R Zones MTF (TechnoBlooms),MpdaalO1-S-R-Zones-MTF-TechnoBlooms
https://www.tradingview.com/script/4Ap4GqLa-Gold-Grid-Lines-Fixed/,Gold Grid Lines (Fixed),4Ap4GqLa-Gold-Grid-Lines-Fixed
https://www.tradingview.com/script/amG6G65I-SwingTrade-ADX-Strategy-v6/,SwingTrade ADX Strategy v6,amG6G65I-SwingTrade-ADX-Strategy-v6
https://www.tradingview.com/script/oXYuZB8v-Swing-Strategy-MTF-with-Auto-SL-TP-Weekly-Pivots/,Swing Strategy MTF with Auto SL/TP + Weekly Pivots,oXYuZB8v-Swing-Strategy-MTF-with-Auto-SL-TP-Weekly-Pivots
https://www.tradingview.com/script/Rvu0OCiX-EMA-Crossover-Visual-Setup-RS-Cl%C3%A1sico-Confirmado/,EMA Crossover Visual Setup (RS Clásico Confirmado),Rvu0OCiX-EMA-Crossover-Visual-Setup-RS-Cl%C3%A1sico-Confirmado
https://www.tradingview.com/script/HRJDdgFz-Tri-Monthly-BTC-Swing-Strategy/,Tri-Monthly BTC Swing Strategy,HRJDdgFz-Tri-Monthly-BTC-Swing-Strategy
https://www.tradingview.com/script/sNE7kOiG-TLP-Swing-Chart-V2/,TLP Swing Chart V2,sNE7kOiG-TLP-Swing-Chart-V2
https://www.tradingview.com/script/Kr7KH8ca-Waterfall-Screener/,Waterfall Screener,Kr7KH8ca-Waterfall-Screener
https://www.tradingview.com/script/o1YzHrin/,Swing FX Pro Panel v1,o1YzHrin
https://www.tradingview.com/script/goSKLIPa-Market-Structure/,Market Structure,goSKLIPa-Market-Structure
https://www.tradingview.com/script/UmlGnbnn-Step-MA-Bottom-Reversal-B/,Step-MA + Bottom-Reversal “B”,UmlGnbnn-Step-MA-Bottom-Reversal-B
https://www.tradingview.com/script/CYEApkPw-Goldbach-Swing-Points-z3nius/,Goldbach Swing Points [z3nius],CYEApkPw-Goldbach-Swing-Points-z3nius
https://www.tradingview.com/script/NsjKIyLB-Market-Structure-HH-HL-LH-and-LL/,"Market Structure HH, HL, LH and LL",NsjKIyLB-Market-Structure-HH-HL-LH-and-LL
https://www.tradingview.com/script/kwwlfRGr-Advanced-Swing-Breakout-RSI-EMA-Smart-Volume-Spike/,Advanced Swing Breakout + RSI + EMA + Smart Volume Spike,kwwlfRGr-Advanced-Swing-Breakout-RSI-EMA-Smart-Volume-Spike
https://www.tradingview.com/script/iclDMMV3-Market-Dashboard/,Market Dashboard,iclDMMV3-Market-Dashboard
https://www.tradingview.com/script/bVwxuE5q-NDX-Levels-Adjusted-to-Active-Ticker/,NDX Levels Adjusted to Active Ticker,bVwxuE5q-NDX-Levels-Adjusted-to-Active-Ticker
https://www.tradingview.com/script/TSzuUpPp-Real-Time-FTFC-Dashboard-Styled/,Real-Time FTFC Dashboard (Styled),TSzuUpPp-Real-Time-FTFC-Dashboard-Styled
https://www.tradingview.com/script/pyGgvluj-9-30-AM-Candle-Marker/,9:30 AM Candle Marker,pyGgvluj-9-30-AM-Candle-Marker
https://www.tradingview.com/script/cpxvqeVQ-Vertical-Time-Marker-Configurable/,Vertical Time Marker Configurable,cpxvqeVQ-Vertical-Time-Marker-Configurable
https://www.tradingview.com/script/WuI6CcCT/,Hourly Vertical Lines,WuI6CcCT
https://www.tradingview.com/script/39ryHqtB-90-30-Minute-Cycle-Boxes/,90/30 Minute Cycle Boxes,39ryHqtB-90-30-Minute-Cycle-Boxes
https://www.tradingview.com/script/f59acFpu-Alternate-Hourly-Highlight/,Alternate Hourly Highlight,f59acFpu-Alternate-Hourly-Highlight
https://www.tradingview.com/script/e44xGNqr/,Multi Vertical Timeline V3,e44xGNqr
https://www.tradingview.com/script/BzSaAoom-Vertical-Lines-at-Specific-NY-Times/,Vertical Lines at Specific NY Times,BzSaAoom-Vertical-Lines-at-Specific-NY-Times
https://www.tradingview.com/script/ZHqgDIPS-CerberusFX-Midnight-Line-UTC-2/,CerberusFX Midnight Line UTC+2,ZHqgDIPS-CerberusFX-Midnight-Line-UTC-2
https://www.tradingview.com/script/0Zc0FeJZ-CerberusFX-Custom-Time-Line/,CerberusFX Custom Time Line,0Zc0FeJZ-CerberusFX-Custom-Time-Line
https://www.tradingview.com/script/XhNN9mnW-Liquidity-Zones-EMAs-Market-Cipher-B/,"Liquidity Zones, EMAs, Market Cipher B",XhNN9mnW-Liquidity-Zones-EMAs-Market-Cipher-B
https://www.tradingview.com/script/kI93zknF-indexrate-code-b/,Indexrate Code B,kI93zknF-indexrate-code-b
https://www.tradingview.com/script/G1qCJQW5-Volume-vs-Volatility-Trend-Signal/,Volume vs Volatility Trend Signal,G1qCJQW5-Volume-vs-Volatility-Trend-Signal
https://www.tradingview.com/script/Y50HrNyB/,多维度市场分析指标 v2 (区间框选),Y50HrNyB
https://www.tradingview.com/script/YhlJ5C84-Zig-Zag-with-HHLL/,Zig Zag with HHLL,YhlJ5C84-Zig-Zag-with-HHLL
https://www.tradingview.com/script/MCtXtCJk-Advanced-DMA-Pattern-Detection-System/,Advanced DMA Pattern Detection System,MCtXtCJk-Advanced-DMA-Pattern-Detection-System
https://www.tradingview.com/script/rP6UBHNp-SPY-QQQ-VIX-Status-Table/,"SPY, QQQ, VIX Status Table",rP6UBHNp-SPY-QQQ-VIX-Status-Table
https://www.tradingview.com/script/fXuAxjY9-Capitalizedmoney-HTF-Structure-Trend/,Capitalizedmoney HTF Structure + Trend,fXuAxjY9-Capitalizedmoney-HTF-Structure-Trend
https://www.tradingview.com/script/RX7ejoLk-Multi-Timeframe-Trend-Table/,Multi-Timeframe Trend Table,RX7ejoLk-Multi-Timeframe-Trend-Table
https://www.tradingview.com/script/uy1FMkuJ-Multi-Timeframe-Trend-Table/,Multi-Timeframe Trend Table,uy1FMkuJ-Multi-Timeframe-Trend-Table
https://www.tradingview.com/script/sXUdY1oz-Multi-Timeframe-50EMA-Cloud/,Multi Timeframe 50EMA Cloud,sXUdY1oz-Multi-Timeframe-50EMA-Cloud
https://www.tradingview.com/script/dQJ2botQ-Advanced-Trend-Panel-v3-1/,Advanced Trend Panel v3.1,dQJ2botQ-Advanced-Trend-Panel-v3-1
https://www.tradingview.com/script/DVxIutBV-Markov-Chain-Trend-Probability/,Markov Chain Trend Probability,DVxIutBV-Markov-Chain-Trend-Probability
https://www.tradingview.com/script/fHk3x2Lw-The-Visualized-Trader-Fractal-Timeframe/,The Visualized Trader (Fractal Timeframe),fHk3x2Lw-The-Visualized-Trader-Fractal-Timeframe
https://www.tradingview.com/script/6m13Zniw-Price-Volume-Trend-sgbpulse/,Price Volume Trend [sgbpulse],6m13Zniw-Price-Volume-Trend-sgbpulse
https://www.tradingview.com/script/57i9oK2t-Twin-Range-Filter-Buy-Sell-Signals/,Twin Range Filter – Buy/Sell Signals,57i9oK2t-Twin-Range-Filter-Buy-Sell-Signals
https://www.tradingview.com/script/hcisjuB2-Supertrend-Long-Only-Strategy-for-QQQ/,Supertrend Long-Only Strategy for QQQ,hcisjuB2-Supertrend-Long-Only-Strategy-for-QQQ
https://www.tradingview.com/script/pTaG6QPP-SMAs-Ghost-in-the-Machine-v3/,SMAs Ghost in the Machine v3,pTaG6QPP-SMAs-Ghost-in-the-Machine-v3
https://www.tradingview.com/script/4oLr695C/,HMM Trend Strength Meter (3-State),4oLr695C
https://www.tradingview.com/script/y69ddUP6-LeonidasCrypto-EMA-with-Volatility-Glow/,[LeonidasCrypto]EMA with Volatility Glow,y69ddUP6-LeonidasCrypto-EMA-with-Volatility-Glow
https://www.tradingview.com/script/Pf4BTXn4/,3MA (color shift),Pf4BTXn4
https://www.tradingview.com/script/ovv1iWW0/,ALMA Optimized Strategy - Volatility Filter + UT Bot,ovv1iWW0
https://www.tradingview.com/script/CZxlA02G-EMA-ATR-Band-MTF-Trend-Entry/,EMA+ATR Band MTF Trend Entry,CZxlA02G-EMA-ATR-Band-MTF-Trend-Entry
https://www.tradingview.com/script/9QbO1BEn/,Keltner Channels MTF,9QbO1BEn
https://www.tradingview.com/script/LqdnNc3I-Williams-Alligator-with-Background-Coloring/,Williams Alligator with Background Coloring,LqdnNc3I-Williams-Alligator-with-Background-Coloring
https://www.tradingview.com/script/EMfgECGT-CM-s-Custom-Trend-Indicator/,CM’s Custom Trend Indicator,EMfgECGT-CM-s-Custom-Trend-Indicator
https://www.tradingview.com/script/lefbP4GW/,焱鑫趋势v3,lefbP4GW
https://www.tradingview.com/script/LDRmNvni-Tram37/,Tram37,LDRmNvni-Tram37
https://www.tradingview.com/script/9Q89xWDV-250-Day-Breakout-Profit-Ratchet-ATR-Stop-w-Zero-Reset/,250-Day Breakout Profit % (Ratchet ATR Stop w/ Zero Reset),9Q89xWDV-250-Day-Breakout-Profit-Ratchet-ATR-Stop-w-Zero-Reset
https://www.tradingview.com/script/V7kERiU0-RELIANCE-3-Bullish-Candles-VWAP/,RELIANCE: 3 Bullish Candles + VWAP,V7kERiU0-RELIANCE-3-Bullish-Candles-VWAP
https://www.tradingview.com/script/fXjTkhCI/,365DMA Fibo Bantları,fXjTkhCI
https://www.tradingview.com/script/QELKUdmG/,焱鑫趋势追踪v2,QELKUdmG
https://www.tradingview.com/script/NX1RM7DR/,EMA 20,NX1RM7DR
https://www.tradingview.com/script/4EeVSiow-Trend-Magic-Real-Time-Cross-for-TradersPost/,Trend Magic Real-Time Cross for TradersPost,4EeVSiow-Trend-Magic-Real-Time-Cross-for-TradersPost
https://www.tradingview.com/script/jPf1C5Ds-Multi-Timeframe-Trend/,Multi-Timeframe Trend,jPf1C5Ds-Multi-Timeframe-Trend
https://www.tradingview.com/script/18LGpqXT/,Waterfall Line (PBX indicator),18LGpqXT
https://www.tradingview.com/script/TfBVSH9x/,WT CROSS BIST SCAN,TfBVSH9x
https://www.tradingview.com/script/5lsRnule-Nebula/,Nebula,5lsRnule-Nebula
https://www.tradingview.com/script/Z0KiVqxf-TraderOracle-Method/,TraderOracle Method,Z0KiVqxf-TraderOracle-Method
https://www.tradingview.com/script/ayoxFYlY-TraderOracle-Method/,TraderOracle Method,ayoxFYlY-TraderOracle-Method
https://www.tradingview.com/script/29RV8RAj-PayBack-by-Catboy/,PayBack by Catboy,29RV8RAj-PayBack-by-Catboy
https://www.tradingview.com/script/HwniNkOM-Nebula-by-Catboy/,Nebula by Catboy,HwniNkOM-Nebula-by-Catboy
https://www.tradingview.com/script/DtZCYzNP-TPC-Strategy-XAUUSD-M5-with-Fixed-SL-TP/,TPC Strategy XAUUSD - M5 with Fixed SL/TP,DtZCYzNP-TPC-Strategy-XAUUSD-M5-with-Fixed-SL-TP
https://www.tradingview.com/script/HYeT2scy-ZigZag-Based-RSI/,ZigZag Based RSI,HYeT2scy-ZigZag-Based-RSI
https://www.tradingview.com/script/pUeRyWUf-Double-MACD-Strategy/,Double MACD Strategy,pUeRyWUf-Double-MACD-Strategy
https://www.tradingview.com/script/eHu68rVD-Daily-EMA-21-34-50/,Daily EMA-21/34/50,eHu68rVD-Daily-EMA-21-34-50
https://www.tradingview.com/script/Ud9apEy6-ATR-Trailing-Stop-Ratcheting/,ATR Trailing Stop (Ratcheting),Ud9apEy6-ATR-Trailing-Stop-Ratcheting
https://www.tradingview.com/script/9zC7RyhL-Flexi-MA-Heat-Zones/,Flexi MA Heat Zones,9zC7RyhL-Flexi-MA-Heat-Zones
https://www.tradingview.com/script/8lfE3qMN-Zone-Shift-ChartPrime/,Zone Shift [ChartPrime],8lfE3qMN-Zone-Shift-ChartPrime
https://www.tradingview.com/script/dr6tkRL7/,Supertrend AT v1.0,dr6tkRL7
https://www.tradingview.com/script/XE9bLRCX/,Ultra Algo,XE9bLRCX
https://www.tradingview.com/script/jeUq6iWh-Trading-Panel-with-EMA-Crossovers/,Trading Panel with EMA Crossovers,jeUq6iWh-Trading-Panel-with-EMA-Crossovers
https://www.tradingview.com/script/n9mBuYkz-smart-deviation-trend-bands-pro-mtf-filter/,Smart Deviation Trend Bands PRO + MTF Filter,n9mBuYkz-smart-deviation-trend-bands-pro-mtf-filter
https://www.tradingview.com/script/F4DqsCzd-J-Lines-Ribbon-4-Cycle-Engine-CHOP-ANTI-LONG-SHORT/,J-Lines Ribbon • 4-Cycle Engine (CHOP / ANTI / LONG / SHORT),F4DqsCzd-J-Lines-Ribbon-4-Cycle-Engine-CHOP-ANTI-LONG-SHORT
https://www.tradingview.com/script/yFRb4ao7-MVO-MA-Signal-Strategy/,MVO - MA Signal Strategy,yFRb4ao7-MVO-MA-Signal-Strategy
https://www.tradingview.com/script/faYqNFpr-Supertrend-MACD-with-60-EMA-Signals/,Supertrend & MACD with 60 EMA Signals,faYqNFpr-Supertrend-MACD-with-60-EMA-Signals
https://www.tradingview.com/script/F8zpCn11-Enhanced-Predator-Suite/,Enhanced Predator Suite,F8zpCn11-Enhanced-Predator-Suite
https://www.tradingview.com/script/OUJOUNit-supertrend-strategy-5m/,Supertrend Strategy (5m),OUJOUNit-supertrend-strategy-5m
https://www.tradingview.com/script/BPmBO0yH-Simple-SMA-Strategy/,Simple SMA Strategy,BPmBO0yH-Simple-SMA-Strategy
https://www.tradingview.com/script/9g02DGVf-Dubic-Dual-EMA-Indicator/,Dubic Dual EMA Indicator,9g02DGVf-Dubic-Dual-EMA-Indicator
https://www.tradingview.com/script/JY8Z2ril-Clarix-Ichimoku-Dashboard/,Clarix Ichimoku Dashboard,JY8Z2ril-Clarix-Ichimoku-Dashboard
https://www.tradingview.com/script/jsODYz5E-5-Min-EMA-Crossover-5-10/,5-Min EMA Crossover (5/10),jsODYz5E-5-Min-EMA-Crossover-5-10
https://www.tradingview.com/script/vQQZHmGI-Step-OMA-with-Signals/,Step-OMA with Signals,vQQZHmGI-Step-OMA-with-Signals
https://www.tradingview.com/script/D5NywjXQ/,Infalible SL y TP estrategy,D5NywjXQ
https://www.tradingview.com/script/5qKCQJAa-MA-Cross-With-Buy-and-Sell/,MA Cross With Buy and Sell,5qKCQJAa-MA-Cross-With-Buy-and-Sell
https://www.tradingview.com/script/WzCPhGFq-BARTRADINGPREDV4/,BARTRADINGPREDV4,WzCPhGFq-BARTRADINGPREDV4
https://www.tradingview.com/script/oxvpqJeB-Market-Adjusted-EMA/,Market Adjusted EMA,oxvpqJeB-Market-Adjusted-EMA
https://www.tradingview.com/script/8ZJr1VUn/,Triple Momentum Core v1,8ZJr1VUn
https://www.tradingview.com/script/q4JBz4sb-No-Nonsense-Forex-Moving-Averages-ATR-Bands-T1-T69/,No Nonsense Forex Moving Averages ATR Bands[T1][T69],q4JBz4sb-No-Nonsense-Forex-Moving-Averages-ATR-Bands-T1-T69
https://www.tradingview.com/script/FCwSynVW-Pandora-Laguerre-Ultimate-Explorations-Multicator/,[Pandora] Laguerre Ultimate Explorations Multicator,FCwSynVW-Pandora-Laguerre-Ultimate-Explorations-Multicator
https://www.tradingview.com/script/bRJoRupL-God-s-Plan-7-2-FVGP-Enhanced/,God's Plan 7.2 - FVGP Enhanced,bRJoRupL-God-s-Plan-7-2-FVGP-Enhanced
https://www.tradingview.com/script/HxVaTWIn-Minimalist-Trend-Risk-For-5-Min-Timeframe/,Minimalist Trend & Risk For 5-Min Timeframe,HxVaTWIn-Minimalist-Trend-Risk-For-5-Min-Timeframe
https://www.tradingview.com/script/autUoW35-Buy-and-Sell-Signals-by-Raja-Saien/,Buy and Sell Signals by Raja Saien,autUoW35-Buy-and-Sell-Signals-by-Raja-Saien
https://www.tradingview.com/script/kAT0K0cF-God-s-Plan-7-1/,God's Plan 7.1,kAT0K0cF-God-s-Plan-7-1
https://www.tradingview.com/script/ZXaAvzNA-MA-Table-RanaAlgo/,MA Table [RanaAlgo],ZXaAvzNA-MA-Table-RanaAlgo
https://www.tradingview.com/script/T4A68sFI-God-s-Plan-7/,God's Plan 7,T4A68sFI-God-s-Plan-7
https://www.tradingview.com/script/7Up7RxpS/,EMA10/14/20 Trend Alignment (1st Signal Only),7Up7RxpS
https://www.tradingview.com/script/lqeWuQUi-3-EMA-Signal-with-Cleaned-Dual-Entry-Logic/,3 EMA Signal with Cleaned Dual Entry Logic,lqeWuQUi-3-EMA-Signal-with-Cleaned-Dual-Entry-Logic
https://www.tradingview.com/script/aGPdf3nT/,trade bằng mông xu hướng,aGPdf3nT
https://www.tradingview.com/script/5vLrPSQl-SMC-BOS-Strategy-for-XAUUSD/,SMC BOS Strategy for XAUUSD,5vLrPSQl-SMC-BOS-Strategy-for-XAUUSD
https://www.tradingview.com/script/fGDvP0IY-TTFT-Strategy/,TTFT - Strategy,fGDvP0IY-TTFT-Strategy
https://www.tradingview.com/script/nCUSAmTT/,فلتر فني كامل - تنبيه بيع وشراء,nCUSAmTT
https://www.tradingview.com/script/imTWtewf-MA20-EMA200-Crossover-Alert/,MA20/EMA200 Crossover Alert,imTWtewf-MA20-EMA200-Crossover-Alert
https://www.tradingview.com/script/I92YrBCy-Trinity-Multi-Time-Frame-Trend-Dashboard-and-Signals/,Trinity Multi Time Frame Trend Dashboard and Signals,I92YrBCy-Trinity-Multi-Time-Frame-Trend-Dashboard-and-Signals
https://www.tradingview.com/script/as4vEhIm-ICT-Unicorn-Strategy-RoboQuant/,ICT Unicorn Strategy [RoboQuant],as4vEhIm-ICT-Unicorn-Strategy-RoboQuant
https://www.tradingview.com/script/nqJ6XbeZ-Daily-EMAs-8-21-50-with-Band/,"Daily EMAs (8, 21 & 50) with Band",nqJ6XbeZ-Daily-EMAs-8-21-50-with-Band
https://www.tradingview.com/script/u9zBT2lV-Banded-Momentum-Cloud/,Banded Momentum Cloud,u9zBT2lV-Banded-Momentum-Cloud
https://www.tradingview.com/script/LzAeXk3o/,EMA/MA Unified with Pivot S/R,LzAeXk3o
https://www.tradingview.com/script/vbE5aczU-Micro-Macro-EMA-Trend/,Micro / Macro EMA Trend,vbE5aczU-Micro-Macro-EMA-Trend
https://www.tradingview.com/script/cUz3bodU-1H-LONG-Setup-Checker/,1H LONG Setup Checker,cUz3bodU-1H-LONG-Setup-Checker
https://www.tradingview.com/script/jiLpuFML-EMA-BUY-SELL/,EMA BUY/SELL,jiLpuFML-EMA-BUY-SELL
https://www.tradingview.com/script/nmfD8SPx-Trent-Finder-V3/,Trent_Finder V3,nmfD8SPx-Trent-Finder-V3
https://www.tradingview.com/script/0jCMpDOg-Trent-Finder-V3/,Trent_Finder V3,0jCMpDOg-Trent-Finder-V3
https://www.tradingview.com/script/dbZCLKsN/,EMA 6/16/55/100/200 ฺBy Smuroj,dbZCLKsN
https://www.tradingview.com/script/BlDHrVfW/,EMA 6/16/55/100/200,BlDHrVfW
https://www.tradingview.com/script/40I1oDgW-Ichimoku-Cloud-MA/,Ichimoku Cloud MA,40I1oDgW-Ichimoku-Cloud-MA
https://www.tradingview.com/script/9khQhP7n-Gabriel-s-Weibull-Stdv-SuperTrend/,Gabriel's Weibull Stdv. SuperTrend,9khQhP7n-Gabriel-s-Weibull-Stdv-SuperTrend
https://www.tradingview.com/script/40F3Ad2T-HMA-Trend-Line-Croc-Signal-Line/,HMA Trend Line (Croc Signal Line),40F3Ad2T-HMA-Trend-Line-Croc-Signal-Line
https://www.tradingview.com/script/wsi5OXN6/,THF Buy/Sell Signal Crossover and Trend Signals Golden Cross,wsi5OXN6
https://www.tradingview.com/script/KULW7WSA/,THF Crossover and Trend Signals Golden & Death Cross with Volume,KULW7WSA
https://www.tradingview.com/script/tgxnijy0-ADX-Supertrend-Persistent-Entry-Logic/,ADX + Supertrend Persistent Entry Logic,tgxnijy0-ADX-Supertrend-Persistent-Entry-Logic
https://www.tradingview.com/script/IxEnien8-Mickey-s-EMA/,Mickey's EMA,IxEnien8-Mickey-s-EMA
https://www.tradingview.com/script/ZWgb8hB4-Fractal-Flow-Bands/,Fractal Flow Bands,ZWgb8hB4-Fractal-Flow-Bands
https://www.tradingview.com/script/zrfYTGAr-Fractal-Flow-Bands/,Fractal Flow Bands,zrfYTGAr-Fractal-Flow-Bands
https://www.tradingview.com/script/sXTH8bGC-Stochastic-Trend-Signal-with-MTF-Filter/,Stochastic Trend Signal with MTF Filter,sXTH8bGC-Stochastic-Trend-Signal-with-MTF-Filter
https://www.tradingview.com/script/lLv6PQiU-Delorean-EMAs-NSYNC-Bye-Bye-Bye/,"Delorean EMAs NSYNC Bye, Bye, Bye",lLv6PQiU-Delorean-EMAs-NSYNC-Bye-Bye-Bye
https://www.tradingview.com/script/EtwhaW5R-Micro-Trend-Start-Signal-Up-Down/,Micro Trend Start Signal (Up & Down),EtwhaW5R-Micro-Trend-Start-Signal-Up-Down
https://www.tradingview.com/script/IJpLdKJA-MA-Shift-Offset-Only-Flip-Dots/,MA Shift (Offset Only + Flip Dots),IJpLdKJA-MA-Shift-Offset-Only-Flip-Dots
https://www.tradingview.com/script/8CvH1nDX-Ease-of-Movement-Z-Score-Trend-Dextra/,Ease of Movement Z-Score Trend | Dextra,8CvH1nDX-Ease-of-Movement-Z-Score-Trend-Dextra
https://www.tradingview.com/script/Vw3dlJDz/,3 EMA trong 1 NTT CAPITAL,Vw3dlJDz
https://www.tradingview.com/script/PuhmjIL8-SMA-Crossover-Strategy/,SMA Crossover Strategy,PuhmjIL8-SMA-Crossover-Strategy
https://www.tradingview.com/script/9vZFiNaN/,Indicator Sessions @indexprofx,9vZFiNaN
https://www.tradingview.com/script/Om5jQOjV/,3 EMAS Indexprofx,Om5jQOjV
https://www.tradingview.com/script/UJ5904Jx-50-100-EMA-Crossover-with-Candle-Confirmation/,50/100 EMA Crossover with Candle Confirmation,UJ5904Jx-50-100-EMA-Crossover-with-Candle-Confirmation
https://www.tradingview.com/script/n4CcPIVV-Momentum-Reversal-System-Signals-Pro/,Momentum-Reversal System Signals Pro,n4CcPIVV-Momentum-Reversal-System-Signals-Pro
https://www.tradingview.com/script/dD56qX3b-Strategy-with-DI-DI-ADX-RSI-MACD-EMA-Time-Stop-EXP-1/,"Strategy with DI+/DI-, ADX, RSI, MACD, EMA + Time Stop [EXP. 1]",dD56qX3b-Strategy-with-DI-DI-ADX-RSI-MACD-EMA-Time-Stop-EXP-1
https://www.tradingview.com/script/3kio5v0z/,TRIX Strong Hand - Didi,3kio5v0z
https://www.tradingview.com/script/961N7dFg-XRP-Trend-Signal-Strategy-V2/,XRP Trend & Signal Strategy V2,961N7dFg-XRP-Trend-Signal-Strategy-V2
https://www.tradingview.com/script/qvHhY3Af-Heikin-Ashi-Trend-Strategy-Beginner/,Heikin Ashi Trend Strategy (Beginner),qvHhY3Af-Heikin-Ashi-Trend-Strategy-Beginner
https://www.tradingview.com/script/h3oi4oqJ-ATR-Trailing-Stop-with-ATR-Targets-v6/,ATR Trailing Stop with ATR Targets [v6],h3oi4oqJ-ATR-Trailing-Stop-with-ATR-Targets-v6
https://www.tradingview.com/script/CgqriEc0/,Oz SIGNAL PRO v6,CgqriEc0
https://www.tradingview.com/script/pNz3hmGc-AI-Breakout-Bands-Zeiierman/,AI Breakout Bands (Zeiierman),pNz3hmGc-AI-Breakout-Bands-Zeiierman
https://www.tradingview.com/script/ZzVWto8C/,Ultra BUY SELL,ZzVWto8C
https://www.tradingview.com/script/zpWoHKXV-Corys-Buy-and-Sell/,Corys Buy and Sell,zpWoHKXV-Corys-Buy-and-Sell
https://www.tradingview.com/script/Hz9MWivZ-FMX-Trend-Confirmation-No-Reversals/,FMX Trend Confirmation - No Reversals,Hz9MWivZ-FMX-Trend-Confirmation-No-Reversals
https://www.tradingview.com/script/VIvbQBuF-Triple-Banded-Momentum-Cloud/,Triple Banded Momentum Cloud,VIvbQBuF-Triple-Banded-Momentum-Cloud
https://www.tradingview.com/script/E5g2XuaU-Kalman-VWMA-For-Loop/,Kalman VWMA For Loop,E5g2XuaU-Kalman-VWMA-For-Loop
https://www.tradingview.com/script/Rt8QaKy4/,CRS by TQ,Rt8QaKy4
https://www.tradingview.com/script/5Q3N1NCn-DI-ADX-Trend-Strategy-1-Min-Scalping/,DI/ADX Trend Strategy | (1-Min Scalping),5Q3N1NCn-DI-ADX-Trend-Strategy-1-Min-Scalping
https://www.tradingview.com/script/n7OXjXv8-ZFT-Classic/,ZFT Classic,n7OXjXv8-ZFT-Classic
https://www.tradingview.com/script/KeCkQ019-Koala-Trend-Hack/,Koala Trend Hack,KeCkQ019-Koala-Trend-Hack
https://www.tradingview.com/script/dhrSFBy8-Elliott-Wave-Auto-Detector-Simplified/,Elliott Wave Auto Detector (Simplified),dhrSFBy8-Elliott-Wave-Auto-Detector-Simplified
https://www.tradingview.com/script/go3ontWL-safety-trade/,Safety Trade,go3ontWL-safety-trade
https://www.tradingview.com/script/PIWXI8Zj/,Average True Range with MA,PIWXI8Zj
https://www.tradingview.com/script/vWEkWuna-Kent-Directional-Filter/,Kent Directional Filter,vWEkWuna-Kent-Directional-Filter
https://www.tradingview.com/script/Xoprwqax-ema-trend-screener/,EMA Trend Screener,Xoprwqax-ema-trend-screener
https://www.tradingview.com/script/4yueHIlV-Trend-Buy-Sell-Fibonacci-Range-KLT/,Trend Buy/Sell Fibonacci Range - KLT,4yueHIlV-Trend-Buy-Sell-Fibonacci-Range-KLT
https://www.tradingview.com/script/kwI51Nfa-DTA-Seven-Candle-Trend-Indicator/,DTA Seven-Candle Trend Indicator,kwI51Nfa-DTA-Seven-Candle-Trend-Indicator
https://www.tradingview.com/script/0jUUzPOb-Multi-Timeframe-200-SMA-Overlay/,Multi-Timeframe 200 SMA Overlay,0jUUzPOb-Multi-Timeframe-200-SMA-Overlay
https://www.tradingview.com/script/8WxwoDsc-EMA-Strength-V2/,EMA Strength V2,8WxwoDsc-EMA-Strength-V2
https://www.tradingview.com/script/MXRkqFZp-EMA-Strength/,EMA Strength,MXRkqFZp-EMA-Strength
https://www.tradingview.com/script/bsuvzPV7-Directional-ADX-with-Dynamic-Threshold/,Directional ADX with Dynamic Threshold,bsuvzPV7-Directional-ADX-with-Dynamic-Threshold
https://www.tradingview.com/script/2NRSNv7J-Clarix-Trend-Filter/,Clarix Trend Filter,2NRSNv7J-Clarix-Trend-Filter
https://www.tradingview.com/script/WEgoWg9Q-Top-LHAMA-Consolidation-Detector/,[Top] LHAMA Consolidation Detector,WEgoWg9Q-Top-LHAMA-Consolidation-Detector
https://www.tradingview.com/script/xoX0kTsZ-Renko-Brick-Zone-Neel/,Renko Brick Zone Neel,xoX0kTsZ-Renko-Brick-Zone-Neel
https://www.tradingview.com/script/n2n1ZSZK-Trajectory-Channel-VWAP-Highs-Lows-Euler-Inspired/,Trajectory Channel (VWAP Highs/Lows) [Euler-Inspired],n2n1ZSZK-Trajectory-Channel-VWAP-Highs-Lows-Euler-Inspired
https://www.tradingview.com/script/6ler6CYZ-HA-HMA-VWAP/,HA + HMA + VWAP,6ler6CYZ-HA-HMA-VWAP
https://www.tradingview.com/script/hi9fLmaP-123-Toolkit/,123 Toolkit,hi9fLmaP-123-Toolkit
https://www.tradingview.com/script/73LGSIaK-buy-sell-magic-rework/,Buy Sell Magic Rework,73LGSIaK-buy-sell-magic-rework
https://www.tradingview.com/script/RZo0CDqM-TREV-Candles-Range-Based-Trend-Reversal/,TREV Candles - Range-Based Trend Reversal,RZo0CDqM-TREV-Candles-Range-Based-Trend-Reversal
https://www.tradingview.com/script/ILHoNJc1-TeeLek-HedgingLineX/,TeeLek-HedgingLineX,ILHoNJc1-TeeLek-HedgingLineX
https://www.tradingview.com/script/q2LD4GgF-AlphaEdge-SR-Module/,AlphaEdge SR Module,q2LD4GgF-AlphaEdge-SR-Module
https://www.tradingview.com/script/sUZb2ToV-Heikin-Ashi-Volume/,Heikin Ashi Volume,sUZb2ToV-Heikin-Ashi-Volume
https://www.tradingview.com/script/R3y6mh9a-Improved-Weinstein-Stage-Analysis/,Improved Weinstein Stage Analysis,R3y6mh9a-Improved-Weinstein-Stage-Analysis
https://www.tradingview.com/script/3eSWSurN-50-Candle-Look-Back-Marker/,50-Candle Look-Back Marker,3eSWSurN-50-Candle-Look-Back-Marker
https://www.tradingview.com/script/NdwdIBBx-100-Candle-Look-Back-Marker/,100-Candle Look-Back Marker,NdwdIBBx-100-Candle-Look-Back-Marker
https://www.tradingview.com/script/IkP7WB9H-xGhozt-Percentage-Price-Change/,xGhozt Percentage Price Change,IkP7WB9H-xGhozt-Percentage-Price-Change
https://www.tradingview.com/script/J9KnVsTS-ATR-Circle-Plot/,ATR Circle Plot,J9KnVsTS-ATR-Circle-Plot
https://www.tradingview.com/script/WSthNtA0-Assaf-ATR/,Assaf ATR,WSthNtA0-Assaf-ATR
https://www.tradingview.com/script/SDgHUQHN-VIX9D-to-VIX-Ratio/,VIX9D to VIX Ratio,SDgHUQHN-VIX9D-to-VIX-Ratio
https://www.tradingview.com/script/bcBZqKhc-ATR-as-of-Close/,ATR as % of Close,bcBZqKhc-ATR-as-of-Close
https://www.tradingview.com/script/zM70CzrU-Days-Since-1-Move-on-Close/,Days Since ±1% Move on Close,zM70CzrU-Days-Since-1-Move-on-Close
https://www.tradingview.com/script/BkkptPV1-30-Day-Realized-Volatility/,30-Day Realized Volatility,BkkptPV1-30-Day-Realized-Volatility
https://www.tradingview.com/script/cO5yeUHM-atr-telo-diapazony-i-anomalii/,ATR: Тело % + Диапазоны и Аномалии,cO5yeUHM-atr-telo-diapazony-i-anomalii
https://www.tradingview.com/script/3EQiOKpW/,Ultimate ATR Pro,3EQiOKpW
https://www.tradingview.com/script/Ftuy9aoG/,Ultimate ATR Extreme Detector,Ftuy9aoG
https://www.tradingview.com/script/AvqumBK8-Trimmed-ATR/,Trimmed ATR,AvqumBK8-Trimmed-ATR
https://www.tradingview.com/script/rlEUJBas-Average-Daily-Range-in-Ticks/,Average Daily Range in Ticks,rlEUJBas-Average-Daily-Range-in-Ticks
https://www.tradingview.com/script/QDzKrUZE-Volatility-Squeeze-Blue-Zone-classic/,Volatility Squeeze – Blue Zone (classic),QDzKrUZE-Volatility-Squeeze-Blue-Zone-classic
https://www.tradingview.com/script/r87hbggy-The-Kyber-Cell-s-TTM-Squeeze-Pro/,The Kyber Cell's – TTM Squeeze Pro,r87hbggy-The-Kyber-Cell-s-TTM-Squeeze-Pro
https://www.tradingview.com/script/SpKaHB2q-Volatility-Breakout-Strategy-W15-T2-0/,Volatility Breakout Strategy W15_T2.0,SpKaHB2q-Volatility-Breakout-Strategy-W15-T2-0
https://www.tradingview.com/script/oJyh781q-Volatility-Radar-Classic-Stoch/,Volatility Radar + Classic Stoch,oJyh781q-Volatility-Radar-Classic-Stoch
https://www.tradingview.com/script/lGgkLCDW-Squeeze-with-Doji/,Squeeze with Doji,lGgkLCDW-Squeeze-with-Doji
https://www.tradingview.com/script/nW2MqydH-BB-Squeeze-Flash-Overlay/,BB Squeeze Flash (Overlay),nW2MqydH-BB-Squeeze-Flash-Overlay
https://www.tradingview.com/script/eoiJUoLN-Synthetic-VX3-VX4-continuous-VX-futures/,Synthetic VX3! & VX4! continuous /VX futures,eoiJUoLN-Synthetic-VX3-VX4-continuous-VX-futures
https://www.tradingview.com/script/U7lA9fCK-PVSRA-Volume-Suite-Overlay/,PVSRA Volume Suite Overlay,U7lA9fCK-PVSRA-Volume-Suite-Overlay
https://www.tradingview.com/script/gjQ5aBFB-Volume-Bars-Shubhashish-Dixit/,Volume Bars - Shubhashish Dixit,gjQ5aBFB-Volume-Bars-Shubhashish-Dixit
https://www.tradingview.com/script/ZwR942DW-Dominant-Volume-Delta-Volume-Midline/,Dominant Volume Delta + Volume Midline,ZwR942DW-Dominant-Volume-Delta-Volume-Midline
https://www.tradingview.com/script/j9FH2RoA-nikki-es-2m/,nikki es 2m,j9FH2RoA-nikki-es-2m
https://www.tradingview.com/script/mZI09xFI-nikki-ES-2m/,nikki ES 2m,mZI09xFI-nikki-ES-2m
https://www.tradingview.com/script/tm2lfDOr-volume-scanner-spikes-drops-context/,Volume Scanner (Spikes & Drops) [Context],tm2lfDOr-volume-scanner-spikes-drops-context
https://www.tradingview.com/script/wOUaBHGN-Volume-in-Total-Traded-Value-in-Crores/,Volume in ₹ (Total Traded Value in Crores),wOUaBHGN-Volume-in-Total-Traded-Value-in-Crores
https://www.tradingview.com/script/PBs3O8q8-10-Day-Avg-Upside-vs-Downside-Volume/,10-Day Avg Upside vs Downside Volume,PBs3O8q8-10-Day-Avg-Upside-vs-Downside-Volume
https://www.tradingview.com/script/idEiap37-Extreme-Zone-Volume-Profile/,Extreme Zone Volume Profile,idEiap37-Extreme-Zone-Volume-Profile
https://www.tradingview.com/script/I05jAj4Z-Volume-Delta-Pressure-Tracker-by-GSK-VIZAG-AP-INDIA/,Volume Delta Pressure Tracker ⚡ by GSK-VIZAG-AP-INDIA,I05jAj4Z-Volume-Delta-Pressure-Tracker-by-GSK-VIZAG-AP-INDIA
https://www.tradingview.com/script/QvzminQA-Stacked-Buy-Sell-Volume/,Stacked Buy/Sell Volume,QvzminQA-Stacked-Buy-Sell-Volume
https://www.tradingview.com/script/FM1Lybc5-HeatVOL/,HeatVOL,FM1Lybc5-HeatVOL
https://www.tradingview.com/script/MFBsTKd7-Split-Volume-Histogram-Real-Volume/,Split Volume Histogram (Real Volume),MFBsTKd7-Split-Volume-Histogram-Real-Volume
https://www.tradingview.com/script/NUoCv6fG-Split-Volume-Histogram/,Split Volume Histogram,NUoCv6fG-Split-Volume-Histogram
https://www.tradingview.com/script/xLnkQSKE-Volume-Heatmap-Pro/,Volume Heatmap Pro,xLnkQSKE-Volume-Heatmap-Pro
https://www.tradingview.com/script/4v1ExKvr-VWAP-Volume-Profile-BigBeluga/,VWAP Volume Profile [BigBeluga],4v1ExKvr-VWAP-Volume-Profile-BigBeluga
https://www.tradingview.com/script/pqyOvzhx-High-Volume-Buyers-Sellers/,High Volume Buyers/Sellers+,pqyOvzhx-High-Volume-Buyers-Sellers
https://www.tradingview.com/script/ZGih4EyJ-Volume-Based-Candle-Shading/,Volume-Based Candle Shading,ZGih4EyJ-Volume-Based-Candle-Shading
https://www.tradingview.com/script/vghdwL7c/,庄家入场基础指标,vghdwL7c
https://www.tradingview.com/script/Iaj0YaNK-Stya-Volume-Buy-vs-Volume-MA20/,[Stya] Volume Buy vs Volume MA20,Iaj0YaNK-Stya-Volume-Buy-vs-Volume-MA20
https://www.tradingview.com/script/eEBLPSjC-Volume-MA-Breakout-T3-Teyo69/,Volume MA Breakout T3 [Teyo69],eEBLPSjC-Volume-MA-Breakout-T3-Teyo69
https://www.tradingview.com/script/OBV1KONK-No-Supply-No-Demand-NSND-Volume-Spread-Analysis-Tool/,No Supply No Demand (NSND) – Volume Spread Analysis Tool,OBV1KONK-No-Supply-No-Demand-NSND-Volume-Spread-Analysis-Tool
